,book_name,tags,year
0,万物生光辉 (豆瓣),"['吉米·哈利', '自然', '英国', '英国文学', '万物系列', '外国文学', '动物', '随笔']", 2012-3
1,我亲爱的甜橙树 (豆瓣),"['儿童文学', '巴西', '温柔', '外国文学', '爱', '童年', '小说', '童话']", 2010-6
2,教父 (豆瓣),"['教父', '经典', '小说', '马里奥·普佐', '黑帮', '外国文学', '美国文学', '电影原著']", 2014-4
3,故事 (豆瓣),"['写作', '编剧', '电影', '创作', '故事', '罗伯特∙麦基', '文学', '电影理论']", 2014-9-1
4,树上的男爵 (豆瓣),"['卡尔维诺', '意大利', '树上的男爵', '小说', '外国文学', '伊塔洛·卡尔维诺', '意大利文学', '文学']", 2012-4-1
5,罗马人的故事2 (豆瓣),"['历史', '盐野七生', '罗马', '古罗马', '罗马史', '罗马人的故事', '文化', '日本']", 2011-12
6,神秘岛（全三册） (豆瓣),"['科幻', '凡尔纳', '儒勒·凡尔纳', '小说', '科幻小说', '法国', '神秘岛', '外国文学']", 1979
7,罗杰・艾克罗伊德谋杀案 (豆瓣),"['阿加莎·克里斯蒂', '推理', '小说', '英国', '侦探', '侦探小说', 'AgathaChristie', '推理小说']", 1998-10-1
8,呼兰河传 (豆瓣),"['萧红', '中国文学', '小说', '呼兰河传', '北方', '女性', '文学', '中国']", 2003-01-01
9,孽子 (豆瓣),"['白先勇', '小说', '台湾', '台湾文学', '同志', '同性', '中国文学', '现当代文学']", 2010.10
10,木心作品八种 (豆瓣),"['木心', '随笔', '文学', '中国文学', '取今复古，别立新宗。', '散文随笔', '散文', '作品八种']", 2009-1
11,灵魂的事 (豆瓣),"['史铁生', '散文', '灵魂的事', '哲学', '生命', '人生', '思想', '信仰']", 2005-4
12,万物既聪慧又奇妙 (豆瓣),"['吉米·哈利', '英国', '自然', '动物', '外国文学', '英国文学', '小说', '随笔']", 2010-7
13,局外人 (豆瓣),"['加缪', '存在主义', '阿尔贝·加缪', '局外人', '小说', '法国', '法国文学', '外国文学']", 2010-8
14,荒原狼 (豆瓣),"['赫尔曼·黑塞', '小说', '德国', '德国文学', '黑塞', '外国文学', '荒原狼', '文学']", 2010-9
15,所罗门王的指环 (豆瓣),"['科普', '动物行为学', '自然', '动物', '自然科学', '劳伦兹', '生物', '有趣']", 1998-07-01
16,故道白云 (豆瓣),"['佛学', '一行禅师', '禅', '宗教', '佛教', '故道白云', '传记', '佛陀']", 2007-6
17,中国哲学简史 (豆瓣),"['哲学', '冯友兰', '中国哲学', '历史', '中国', '思想', '国学', '三联']", 2009-5
18,经济学 (豆瓣),"['经济学', '萨缪尔森', '经济', '经典教材', '经典', '教材', '经济管理', 'economics']", 2008-1-1
19,史努比黄金50年 (豆瓣),"['漫画', 'Snoopy', '史努比', '美国', '绘本', '经典', 'peanuts', '漫畫']", 2001-1
20,365夜 (豆瓣),"['童话', '365夜', '儿童文学', '童年', '小时候的书', '经典', '中国', '启蒙']", 1981-04
21,世说新语 (豆瓣),"['古典文学', '魏晋风度', '世说新语', '中国文学', '魏晋', '古典', '历史', '文学']", 2007-9
22,银河帝国3：第二基地 (豆瓣),"['科幻', '阿西莫夫', '基地系列', '小说', '科幻小说', '艾萨克·阿西莫夫', '美国', '银河帝国']", 2012-7
23,C专家编程 (豆瓣),"['C语言', '编程', '计算机', 'c', 'C专家编程', 'C/C++', 'C', '程序设计']", 2008-2
24,TCP/IP详解 卷1：协议 (豆瓣),"['TCP/IP', '网络', '网络协议', '计算机', '经典', '计算机科学', '协议', 'TCP:IP']", 2000-4-1
25,基地前传2·迈向基地（上下） (豆瓣),"['科幻', '阿西莫夫', '基地系列', '小说', '科幻小说', '美国', '经典', '艾萨克·阿西莫夫']", 2005-01
26,天真的人类学家 (豆瓣),"['人类学', '田野调查', '随笔', '有趣', '科普', 'Anthropology', '游记', '英国']", 2003-8
27,温柔的夜 (豆瓣),"['三毛', '温柔的夜', '散文', '随笔', '台湾', '文学', '流浪', '中国文学']", 2007-5
28,柏拉图的《会饮》 (豆瓣),"['柏拉图', '哲学', '刘小枫', '古希腊', '西方哲学', '会饮', '政治哲学', '苏格拉底']", 2003-08
29,陶庵梦忆 西湖梦寻 (豆瓣),"['张岱', '古典文学', '明清散文', '散文', '明清笔记', '随笔', '古典', '明清']", 2001-5
30,热爱生命 (豆瓣),"['杰克·伦敦', '小说', '外国文学', '热爱生命', '美国', '经典', '生命', '生存']", 2000-12-03
31,飘 (豆瓣),"['外国文学', '飘', '经典', '乱世佳人', '玛格丽特.米切尔', '世界名著', '小说', '美国']", 1988
32,额尔古纳河右岸 (豆瓣),"['迟子建', '茅盾文学奖', '小说', '鄂温克', '额尔古纳河右岸', '民族', '中国文学', '当代文学']", 2005-12-1
33,绿山墙的安妮 (豆瓣),"['绿山墙的安妮', '儿童文学', '外国文学', '加拿大', '经典', '童话', '成长', '小说']", 2003-01
34,深入理解计算机系统（原书第2版） (豆瓣),"['计算机系统', '计算机', '计算机科学', '操作系统', '操作系统&体系结构', '编程', '体系结构', '程序员']", 2011-1-1
35,陶渊明集 (豆瓣),"['陶渊明', '古典文学', '诗歌', '中国古典文学', '诗词', '陶渊明集', '文学', '中国文学']", 1979-5
36,金刚经 (豆瓣),"['金刚经', '佛学', '佛教', '宗教', '哲学', '鸠摩罗什', '佛经', '金刚般若波罗蜜经']", 2007-4
37,小径分岔的花园 (豆瓣),"['博尔赫斯', '小说', '小径分岔的花园', '拉美文学', '外国文学', '阿根廷', '文学', '拉美']", 2002-7
38,梦里花落知多少 (豆瓣),"['三毛', '散文', '梦里花落知多少', '台湾', '中国文学', '文学', '三毛echo', 'echo']", 2009-4
39,荷西 我爱你 (豆瓣),"['三毛', '荷西，我爱你', '爱情', '散文', '台湾', 'echo', '中国文学', '随笔散文']", 1986
40,尼各马可伦理学 (豆瓣),"['亚里士多德', '哲学', '伦理学', '古希腊', '西方哲学', '尼各马可伦理学', '经典', '商务印书馆']", 2003-11
41,深度探索C++对象模型 (豆瓣),"['C++', '编程', 'C/C++', '计算机', '经典', '程序设计', 'programming', '对象']", 2001-5
42,玻璃球游戏 (豆瓣),"['赫尔曼·黑塞', '小说', '黑塞', '德国', '德国文学', '外国文学', '哲学', '文学']", 2007-07-01
43,浪漫主义的根源 (豆瓣),"['浪漫主义', '以赛亚·伯林', '哲学', '思想史', '政治哲学', '自由主义', '美学', '伯林']", 2008-03
44,吉祥纹莲花楼终篇之青龙·白虎 (豆瓣),"['藤萍', '武侠', '吉祥纹莲花楼系列', '小说', '李莲花', '推理', '悬疑', '悬疑推理']", 2010-10
45,中国少年儿童百科全书 (豆瓣),"['百科全书', '科普', '童年', '中国少年儿童百科全书', '百科', '经典', '中国', '科学']", 1997-11
46,中国少年儿童百科全书 (豆瓣),"['百科全书', '科普', '童年', '中国少年儿童百科全书', '经典', '百科', '少年儿童', '中国']", 1994
47,小兔彼得和他的朋友们（全3册） (豆瓣),"['绘本', '童话', '彼得兔绘本全集：小兔彼得和他的朋友们', '儿童文学', '英国', '彼得兔', '小温暖', '外国文学']", 2009-10
48,鼠族（一、二部） (豆瓣),"['漫画', '二战', '普利策', '阿特·斯皮格曼', '历史', '美国', '鼠族', '外国文学']", 2009-12
49,原动画基础教程 (豆瓣),"['动画', '原动画基础教程——动画人的生存手册', '艺术', '教程', '原动画基础教程', '原画', '教材', '动漫']", 2006-1
50,中国史纲 (豆瓣),"['历史', '张荫麟', '中国历史', '中国通史', '中国史', '中国', '通史', '蓬莱阁丛书']", 1999-12-1
51,美国讲稿 (豆瓣),"['卡尔维诺', '文学理论', '意大利', '文学', '外国文学', '伊塔洛·卡尔维诺', '文学评论', '美国讲稿']", 2008-2
52,精灵宝钻 (豆瓣),"['奇幻', '托尔金', '魔戒', 'J.R.R.托尔金', '英国', '小说', '史诗', '魔幻']", 2012-7
53,第二性Ⅱ (豆瓣),"['西蒙娜・德・波伏娃', '女性', '哲学', '女性研究', '社会学', '女性主义', '法国', '波伏娃']", 2011-9
54,隔江山色 (豆瓣),"['高居翰', '艺术史', '艺术', '绘画', '中国美术史', '中国', '历史', '生活·读书·新知三联书店']", 2009-8
55,半生缘 (豆瓣),"['张爱玲', '爱情', '小说', '半生缘', '中国文学', '生活比死难堪', '民国', '文学']", 2012-6-1
56,夜莺与玫瑰 (豆瓣),"['王尔德', '童话', '夜莺与玫瑰', '英国文学', '英国', '外国文学', 'OscarWilde', '文学']", 2010-2
57,金锁记 (豆瓣),"['张爱玲', '小说', '中国文学', '金锁记', '女性文学', '文学', '短篇集', '中国']", 2005-6
58,勒·柯布西耶全集 (豆瓣),"['建筑', '柯布西耶', '建筑设计', '勒·柯布西耶全集', '建筑大师', '设计', 'Architecture', '思维方式']", 2005-4
59,1453 (豆瓣),"['历史', '地中海史诗三部曲', '拜占庭', '欧洲历史', '中世纪', '罗杰·克劳利', '文明冲突', '军事史']", 2014-6
60,悲惨世界（全三册） (豆瓣),"['雨果', '外国文学', '经典', '悲惨世界', '名著', '法国文学', '法国', '小说']", 2003-1
61,编码 (豆瓣),"['计算机', '计算机科学', '计算机原理', '编程', '编码', '科普', '底层探索', '技术']", 2010
62,古文观止 (豆瓣),"['古文观止', '古典文学', '古籍', '古文', '文学', '中国', '经典', '古典']", 1959-9
63,说文解字 (豆瓣),"['说文解字', '工具书', '国学', '文字学', '语言学', '古籍', '许慎', '文字']", 1963-12
64,冰与火之歌·卷三·冰雨的风暴（全三册） (豆瓣),"['冰与火之歌', '奇幻', '乔治·R.R.马丁', '小说', '史诗', '美国', '魔幻', '外国文学']", 2012-6
65,亲密关系 (豆瓣),"['心理学', '亲密关系', '人际关系', '爱情心理', '心理', '爱情', '成长', '社会学']", 2011-1-1
66,五月天之素人自拍 (豆瓣),"['五月天', '素人自拍', 'Mayday', '阿信', '五月天ソ素人自拍', '台湾', '記實', '台灣']", 2001-9-17
67,对伪心理学说不 (豆瓣),"['心理学', '心理', '科普', '批判性思维', '科学', '社会\\心理\\经济', '思维', '美国']", 2012-1-1
68,我要做好孩子 (豆瓣),"['儿童文学', '黄蓓佳', '我要做好孩子', '小说', '童年', '童年回忆', '童年记忆', '中国']", 1996-12
69,北方的空地 (豆瓣),"['旅行', '羌塘', '探险', '杨柳松', '户外', '西藏', '游记', '穿越']", 2011-4
70,古拉格：一部历史 (豆瓣),"['历史', '苏联', '古拉格', '极权', '社会史', '黑暗时代', '政治学', '苦难']", 2013-4-1
71,地下室手记 (豆瓣),"['陀思妥耶夫斯基', '小说', '俄罗斯', '俄国文学', '外国文学', '文学', '俄罗斯文学', '哲学']", 2012-5
72,皮皮鲁和鲁西西全传 (豆瓣),"['郑渊洁', '童话', '皮皮鲁', '儿童文学', '童年', '小时候的书', '经典', '中国']", 1989
73,失明症漫记 (豆瓣),"['小说', '萨拉马戈', '人性', '诺贝尔文学奖', '外国文学', '若泽·萨拉马戈', '葡萄牙', '葡萄牙文学']", 2014-2
74,来自新世界 （上下） (豆瓣),"['科幻', '日本文学', '日本', '贵志佑介', '反乌托邦', '小说', '贵志祐介', '轻小说']", 2014-4
75,永恒的终结 (豆瓣),"['科幻', '阿西莫夫', '时间旅行', '科幻小说', '小说', '美国', '艾萨克·阿西莫夫', '外国文学']", 2014-9-1
76,听音乐（插图第6版） (豆瓣),"['音乐', '古典音乐', '音乐欣赏', '艺术', '音乐教程', '西方古典音乐', '音乐学', '西方音乐']", 2008-6
77,美的历程 (豆瓣),"['美学', '李泽厚', '艺术', '哲学', '美的历程', '人文', '中国', '生活·读书·新知三联书店']", 2009-1-1
78,众病之王 (豆瓣),"['科普', '医学', '癌症', '医学人文', '健康', '疾病', '社会学', '美国']", 2013-2-4
79,人类简史 (豆瓣),"['历史', '人类简史', '人类学', '人类', '科普', '哲学', '思维', '文化']", 2014-11
80,最好的告别 (豆瓣),"['死亡', '医学', '社会学', '伦理', '社会', '老龄化', '阿图·葛文德', '美国']", 2015-7-31
81,强风吹拂 (豆瓣),"['日本文学', '三浦紫苑', '跑步', '励志', '日本', '小说', '强风吹拂', '青春']", 2015-1-1
82,文明之光（第一册） (豆瓣),"['历史', '吴军', '文化', '科普', '科技', '文明', '互联网', '计算机']", 2014-6-25
83,四書章句集注 (豆瓣),"['朱熹', '国学', '四书', '古籍', '经典', '哲学', '经学', '理学']", 1983-10
84,大盗贼 (豆瓣),"['童话', '儿童文学', '大盗贼', '德国', '留在记忆中的经典童话', '奥得弗雷德·普鲁士勒', '外国文学', '童话_奥得弗雷德·普鲁士勒（德国）']", 2004-10-01
85,霸王别姬 (豆瓣),"['李碧华', '小说', '霸王别姬', '中国文学', '香港', '爱情', '文学', '中国']", 1999-1
86,重构 (豆瓣),"['重构', '软件工程', '编程', '软件开发', '计算机', 'programming', '代码', 'design']", 2003-8-1
87,易经 (豆瓣),"['易经', '哲学', '国学', '玄学', '周易', '智慧', '古籍', '中国']", 2006-8-1
88,编程珠玑 (豆瓣),"['编程', '算法', '编程艺术', '计算机', '程序设计', '算法与数据结构', '计算机科学', 'programming']", 2008-10
89,宋词三百首 (豆瓣),"['宋词', '古典文学', '诗词', '宋词三百首', '宋词，国学，古典诗词', '中国文学', '诗歌', '古典']", 2004-08
90,战国策 (豆瓣),"['历史', '战国策', '国学', '诸子百家', '智慧', '古典文学', '中国历史', '中国战国史']", 2003-1-1
91,敏捷软件开发 (豆瓣),"['敏捷开发', '软件工程', '设计模式', '软件开发', '计算机', '敏捷', '编程', 'agile']", 2003-09-01
92,牡丹亭 (豆瓣),"['古典文学', '牡丹亭', '汤显祖', '戏剧', '中国古典文学', '昆曲', '戏曲', '中国文学']", 1963-4-1
93,宋词鉴赏辞典 (豆瓣),"['宋词', '古典文学', '诗词', '宋词鉴赏', '中国古典文学', '鉴赏', '诗歌', '辞典']", 2003-8-1
94,长袜子皮皮 (豆瓣),"['长袜子皮皮', '童话', '儿童文学', '瑞典', '林格伦', '外国文学', '童年', '童书']", 1999-3
95,老子注译及评介 (豆瓣),"['老子', '哲学', '陈鼓应', '国学', '道家', '中国哲学', '经典', '诸子']", 2009-2
96,中国古典园林分析 (豆瓣),"['园林', '中国古典园林', '建筑', '彭一刚', '景观', '设计', '经典', '艺术']", 1986-12-1
97,外部空间设计 (豆瓣),"['建筑', '芦原义信', '外部空间设计', '设计', '建筑理论', '城市设计', '日本', '景观']", 1985-3
98,四世同堂（上下） (豆瓣),"['老舍', '中国文学', '小说', '四世同堂', '经典', '中国', '现代文学', '文学']", 1999-06
99,莎士比亚全集（全8册） (豆瓣),"['莎士比亚', '戏剧', '外国文学', '经典', '莎士比亚全集', '英国文学', '朱生豪', '英国']", 1998-5
100,津巴多普通心理学 (豆瓣),"['心理学', '普通心理学', '津巴多', '津巴多普通心理学', '心理', '入门', '经典', '教材']", 2008-7
101,Head First 设计模式（中文版） (豆瓣),"['设计模式', '计算机', '编程', '软件工程', 'Headfirst', '软件设计', 'java', '软件开发']", 2007-9
102,天龙八部 (豆瓣),"['金庸', '武侠', '天龙八部', '武侠小说', '经典', '小说', '中国文学', '中国']", 1994-5
103,古文观止 (豆瓣),"['古典文学', '古文观止', '国学', '古文', '经典', '文学', '古籍', '散文']", 1987-1-1
104,计算机程序的构造和解释(原书第2版) (豆瓣),"['计算机科学', '计算机', '编程', 'SICP', '程序设计', '经典', 'LISP', 'Scheme']", 2004-2
105,期货市场技术分析 (豆瓣),"['期货', '技术分析', '投资', '金融', '约翰·墨菲', '股票', '投机', '证券']", 1994-5-1
106,聪明的投资者 (豆瓣),"['投资', '金融', '理财', '格雷厄姆', '投资理财', '价值投资', '经典投资书籍', '经济学']", 2010-8
107,冬牧场 (豆瓣),"['李娟', '散文', '新疆', '阿勒泰', '随笔', '自然', '散文随笔', '中国']", 2012-6
108,蓝熊船长的13条半命 (豆瓣),"['童话', '儿童文学', '蓝熊船长的13条半命', '德国', '幻想', '小说', '外国文学', '莫尔斯']", 2002-1
109,万物既伟大又渺小 (豆瓣),"['吉米·哈利', '英国', '外国文学', '自然', '动物', '万物既伟大又渺小', '小说', '英国文学']", 2010-05
110,阿城精选集 (豆瓣),"['阿城', '中国文学', '小说', '散文', '当代文学', '文学', '中国', '文集']", 2011-3
111,金刚经 心经 坛经 (豆瓣),"['佛学', '佛教', '宗教', '哲学', '金刚经', '心经', '坛经', '经典']", 2007-12-1
112,经济学 (豆瓣),"['经济学', '萨缪尔森', '经济', '经典', '经济学理论', '教材', '经济学：第17版', '美国']", 2004-1
113,飞鸟集 (豆瓣),"['泰戈尔', '诗歌', '飞鸟集', '诗集', '外国文学', '文学', '印度', '印度文学']", 1992
114,顾城的诗 顾城的画 (豆瓣),"['顾城', '诗歌', '诗', '中国文学', '诗集', '画', '当代文学', '中国']", 2009-1
115,设计中的设计 | 全本 (豆瓣),"['设计', '原研哉', '日本', '艺术', '设计学', 'Design', '藝術設計私生活', '设计中的设计']", 2010-09
116,佛教的见地与修道 (豆瓣),"['佛教', '佛学', '宗萨蒋扬钦哲仁波切', '宗教', '佛教的见地与修道', '宗萨钦哲仁波切', '禅', '藏传佛教']", 2006-5
117,上学记 (豆瓣),"['何兆武', '回忆录', '西南联大', '传记', '历史', '口述史', '民国', '上学记']", 2008-9
118,人生的智慧 (豆瓣),"['哲学', '叔本华', '人生的智慧', '西方哲学', '人生', '思想', '德国', '生活']", 2008-10
119,金蔷薇 (豆瓣),"['帕乌斯托夫斯基', '俄国文学', '随笔', '金蔷薇', '外国文学', '文学', '俄罗斯', '散文']", 2007-3
120,张国荣的时光 (豆瓣),"['张国荣', '传记', '哥哥', '张国荣的时光', 'leslie', '回忆录', '張國榮', '香港']", 2011-12
121,岁朝清供 (豆瓣),"['汪曾祺', '散文', '随笔', '中国文学', '散文随笔', '文学', '中国', '三联']", 2010-1-1
122,华夏意匠 (豆瓣),"['建筑', '古建筑', '华夏意匠：中国古典建筑设计原理分析', '建筑史', '建筑理论', '建筑历史', '建筑设计', '华夏意匠']", 2005-5-1
123,万物刹那又永恒 (豆瓣),"['吉米·哈利', '外国文学', '英国', '随笔', '自然', '动物', '吉米•哈利“万物”系列', '万物刹那又永恒']", 2011-1
124,論語譯註 (豆瓣),"['论语', '国学', '杨伯峻', '孔子', '儒学', '哲学', '古籍', '古典']", 1980
125,中国文化要义 (豆瓣),"['梁漱溟', '文化', '中国文化', '国学', '哲学', '中国文化要义', '文化研究', '中国']", 2005-05
126,野草 (豆瓣),"['鲁迅', '散文', '中国文学', '散文诗', '野草', '中国', '文学', '现代文学']", 1973-3
127,中国法律与中国社会 (豆瓣),"['法学', '法律', '瞿同祖', '中国法律与中国社会', '社会学', '法制史', '历史', '法律社会学']", 2003-09-01
128,庄子諵譁（上） (豆瓣),"['南怀瑾', '庄子', '哲学', '国学', '道家', '传统文化', '中国文化', '思想']", 2007.6
129,古代汉语（第一册） (豆瓣),"['古代汉语', '王力', '教材', '语言学', '古汉语', '国学', '语言', '汉语']", 1999-5
130,返璞归真 (豆瓣),"['基督教', '信仰', 'C.S.Lewis', '宗教', '神学', '灵修', '上帝', '路易斯']", 2007-3
131,费马大定理 (豆瓣),"['数学', '科普', '费马大定理', '数学史', '传记', '历史', '科学', '数论']", 2005-05-01
132,超越时空 (豆瓣),"['科普', '物理', '宇宙', '时空', '科学', '加来道雄', '物理学', '数学与自然科学']", 2009-6
133,古詩源 (豆瓣),"['古诗源', '古典文学', '诗词', '诗歌', '中国古典文学', '沈德潜', '中华书局', '古籍']", 2006-4
134,惶然录 (豆瓣),"['费尔南多·佩索阿', '随笔', '葡萄牙', '惶然录', '外国文学', '散文', '哲学', '韩少功']", 1995年5月第一版
135,蒋勋说红楼梦（第一辑） (豆瓣),"['蒋勋', '红楼梦', '红学', '红楼鉴赏书', '台湾', '文学', '中国文学', '文化']", 2010-9
136,大问题 (豆瓣),"['哲学', '哲学入门', '简明哲学导论', '西方哲学', '入门', '哲学史', '人文', '美国']", 2011-1
137,阿莱夫 (豆瓣),"['博尔赫斯', '小说', '阿根廷', '拉美文学', '外国文学', '文学', '拉美', '阿莱夫']", 2008-2
138,杀死一只反舌鸟 (豆瓣),"['小说', '哈珀·李', '美国', '外国文学', '美国文学', '经典', '反舌鸟', '文学']", 2009-2-1
139,故事 (豆瓣),"['电影', '剧本写作', '罗伯特·麦基', '编剧', '故事:材质、结构、风格和银幕剧作的原理', '电影理论', '写作', '剧本']", 2001-8
140,逻辑哲学论 (豆瓣),"['哲学', '维特根斯坦', '逻辑', '逻辑哲学论', '逻辑学', '西方哲学', '分析哲学', '语言哲学']", 1996-12
141,纳尔齐斯与歌尔德蒙 (豆瓣),"['赫尔曼·黑塞', '黑塞', '小说', '德国', '德国文学', '外国文学', '纳尔齐斯与歌尔德蒙', '文学']", 2007-7
142,新千年文学备忘录 (豆瓣),"['卡尔维诺', '文学理论', '意大利', '文学', '文学评论', '外国文学', '文艺理论', '黄灿然']", 2009-3
143,白鹿原 (豆瓣),"['陈忠实', '小说', '白鹿原', '茅盾文学奖', '中国文学', '经典', '史诗', '中国']", 2008-5
144,博尔赫斯全集 (豆瓣),"['博尔赫斯', '外国文学', '阿根廷', '文学', '小说', '博尔赫斯全集', '经典', '大师']", 1999-11
145,传奇(上下) (豆瓣),"['张爱玲', '小说', '传奇', '中国文学', '張愛玲', '文学', '才情', '中国']", 2003-1-1
146,人生的枷锁 (豆瓣),"['毛姆', '小说', '外国文学', '英国文学', '英国', '毛姆<人生的枷锁>', '人生的枷锁', '人生']", 2007-3
147,神经外科的黑色喜剧 (豆瓣),"['医学', '黑色幽默', '小说', '神经外科', '美国', '外国文学', '科普', '医家故事']", 2006-5
148,采桑子 (豆瓣),"['叶广芩', '京味', '小说', '家族', '中国文学', '当代文学', '采桑子', '中国']", 2009-1
149,围城 (豆瓣),"['钱钟书', '小说', '围城', '中国文学', '经典', '婚姻', '文学', '钱锺书']", 2002-5
150,写在人生边上 写在人生边上的边上 石语 (豆瓣),"['钱钟书', '随笔', '中国文学', '写在人生边上的边上', '杂文', '钱锺书', '散文', '文学']", 2001-1
151,人间是剧场 (豆瓣),"['宗萨蒋扬钦哲仁波切', '佛学', '修行', '宗教', '灵修', '佛教', '心灵', '人间是剧场']", 2010-10
152,平如美棠 (豆瓣),"['爱情', '平如美棠', '人生', '绘本', '生活', '饶平如', '我俩的故事', '回忆录']", 2013-5-1
153,悲惨世界（上下） (豆瓣),"['雨果', '外国文学', '小说', '法国文学', '悲惨世界', '法国', '经典', '名著']", 2006-8
154,学术与政治 (豆瓣),"['社会学', '马克斯·韦伯', '韦伯', '政治', '学术', '学术与政治', '政治哲学', '知识分子']", 2005-03
155,心灵的焦灼 (豆瓣),"['茨威格', '小说', '外国文学', '奥地利', '心灵的焦灼', '文学', '经典', '欧洲文学']", 2007-7
156,论语新解 (豆瓣),"['钱穆', '国学', '论语', '儒学', '哲学', '经典', '文化', '中国']", 2005-3
157,虚构集 (豆瓣),"['博尔赫斯', '小说', '阿根廷', '外国文学', '拉美文学', '文学', '虚构集', '拉美']", 2008-2
158,毛毛 (豆瓣),"['童话', '米切尔·恩德', '儿童文学', '毛毛', '德国', '哲理', '时间', '外国文学']", 2000-2-1
159,大明宫词 (豆瓣),"['剧本', '大明宫词', '历史', '中国文学', '爱情', '小说', '戏剧', '经典']", 2000-6-1
160,联邦党人文集 (豆瓣),"['美国', '政治', '政治学', '宪法', '政治哲学', '民主', '历史', '自由主义']", 1980
161,锦灰堆 (豆瓣),"['王世襄', '文化', '锦灰堆', '民俗', '艺术', '玩物', '文博', '杂玩']", 1999-08
162,来自民间的叛逆 (豆瓣),"['音乐', '美国民歌', '民谣', '袁越', '美国', '来自民间的叛逆', '历史', '土摩托']", 2008-8
163,古拉格群岛（上中下） (豆瓣),"['索尔仁尼琴', '俄罗斯', '历史', '反乌托邦', '政治', '俄罗斯文学', '小说', '外国文学']", 1996-12
164,美国宪政历程 (豆瓣),"['美国', '宪政', '法律', '政治', '民主', '法学', '历史', '美国宪政历程']", 2014-1
165,洞穴奇案 (豆瓣),"['法律', '法学', '哲学', '法理', '法哲学', '洞穴奇案', '美国', '萨伯']", 2009-06
166,哈尔罗杰历险记(全套共14册) (豆瓣),"['哈尔罗杰历险记', '童年', '儿童文学', '探险', '小说', '科普', '探险小说', '英国']", 1998-05-01
167,深入理解计算机系统 (豆瓣),"['计算机系统', '计算机', '计算机科学', '操作系统', '编程', '程序员', 'programming', 'OS']", 2004-5-1
168,艺术的故事 (豆瓣),"['艺术', '艺术史', '贡布里希', '艺术的故事', '西方艺术史', '艺术理论', '历史', '美术理论']", 1999-11-01
169,冰与火之歌（卷三） (豆瓣),"['冰与火之歌', '奇幻', '乔治·马丁', '小说', '史诗', '美国', '西方奇幻', '魔幻']", 2007-1
170,牛津高阶英汉双解词典 （第六版） (豆瓣),"['工具书', '英语', '牛津高阶英汉双解词典', '词典', '英语学习', 'Oxford', '辞典', 'dictionary']", 2004-8
171,费恩曼物理学讲义（第1卷） (豆瓣),"['物理', '费曼', '物理学', '科普', '费恩曼物理学讲义.第1卷', '科学', '经典', '教材']", 2005-06
172,滚蛋吧!肿瘤君 (豆瓣),"['正能量', '绘本', '滚蛋吧！肿瘤君', '熊顿', '励志', '漫画', '感人', '中国']", 2012-9-1
173,红楼梦 (豆瓣),"['红楼梦', '古典文学', '曹雪芹', '经典', '古典名著', '名著', '小说', '中国']", 1996-12
174,塔希里亚故事集 (豆瓣),"['漫画', '奇幻', '吴淼', '塔希里亚世界', '中国', '绘本', '塔希里亚', '人性']", 2007
175,百年孤独 (豆瓣),"['百年孤独', '加西亚·马尔克斯', '魔幻现实主义', '经典', '拉美文学', '外国文学', '小说', '文学']", 2011-6
176,算法导论（原书第2版） (豆瓣),"['算法', '算法导论', '计算机', '编程', '经典', '计算机科学', 'algorithm', '程序设计']", 2006-9
177,哥德尔、艾舍尔、巴赫 (豆瓣),"['哲学', '科普', '逻辑', '数学', '人工智能', '科学', '计算机', '哥德尔']", 1997-5
178,文学回忆录（全2册） (豆瓣),"['木心', '文学', '陈丹青', '文学回忆录', '文学史', '中国文学', '文化', '人文']", 2013-1-10
179,史记（全十册） (豆瓣),"['历史', '史记', '司马迁', '中国历史', '经典', '古籍', '国学', '中国文学']", 1982-11
180,道德经精义 (豆瓣),"['哲学', '老子', '道德经', '道家', '国学', '经典', '古典文学', '中国']", 1996-10
181,三体Ⅲ (豆瓣),"['刘慈欣', '科幻', '三体', '中国科幻', '科幻小说', '硬科幻', '小说', '中国']", 2010-11
182,冰与火之歌（卷二） (豆瓣),"['冰与火之歌', '奇幻', '乔治·马丁', '小说', '史诗', '美国', '西方奇幻', '魔幻']", 2006-1
183,鲁迅全集（2005最新修订版） (豆瓣),"['鲁迅', '中国文学', '鲁迅全集', '文学', '经典', '中国', '全集', '小说']", 2005-11
184,塔希里亚故事集Ⅱ (豆瓣),"['漫画', '吴淼', '奇幻', '塔希里亚故事集', '塔希里亚', '绘本', '中国', '塔希里亚世界']", 2008-12
185,浪潮之巅 (豆瓣),"['互联网', 'IT', '商业', '计算机', '浪潮之巅', '历史', '管理', '投资']", 2011-8
186,诗经 (豆瓣),"['诗经', '古典文学', '诗歌', '中国文学', '古典诗词', '古典', '古籍', '中国']", 2006-7
187,第二基地 (豆瓣),"['科幻', '阿西莫夫', '基地系列', '小说', '科幻小说', '美国', '经典', '基地']", 2005-1
188,中国少年儿童百科全书（全四册） (豆瓣),"['百科全书', '科普', '少年儿童百科全书', '童年', '儿时读物', '经典', '中国', '百科']", 1991-4
189,中國近代史（上冊） (豆瓣),"['历史', '中国近代史', '徐中约', '中國近代史', '近代史', '中国历史', '中国', '中國歷史']", 2002
190,唐诗三百首 (豆瓣),"['孙子兵法', '古典文学', '兵法', '哲学', '军事', '国学', '古典', '军事学']", 2000-3
191,資治通鑑（全二十冊） (豆瓣),"['历史', '资治通鉴', '司马光', '中国历史', '经典', '史书', '国学', '古籍']", 1956-6
192,基督山伯爵(上下) (豆瓣),"['大仲马', '小说', '法国', '外国文学', '基督山伯爵', '经典', '名著', '法国文学']", 1999-8-1
193,风与树的歌 (豆瓣),"['安房直子', '童话', '日本', '儿童文学', '风与树的歌', '日本文学', '温暖', '幻想']", 2004-03-01
194,寻找家园 (豆瓣),"['高尔泰', '回忆录', '散文', '随笔', '历史', '中国', '人生', '传记']", 2004-11-03
195,冰与火之歌·卷四·群鸦的盛宴（全两册） (豆瓣),"['冰与火之歌', '奇幻', '乔治·马丁', '小说', '史诗', '美国', '魔幻', '西方奇幻']", 2008-09
196,我在伊朗长大 (豆瓣),"['伊朗', '漫画', '绘本', '玛赞·莎碧', '外国文学', '历史', '漫画·绘本', '三联']", 2010-1
197,现代汉语词典（修订本） (豆瓣),"['工具书', '现代汉语词典', '词典', '汉语', '中国', '语言', '字典', '语言学']", 1996-7
198,庄子 (豆瓣),"['庄子', '哲学', '国学', '古典文学', '诸子百家', '中国经典哲学思想', '经典', '中国古典文学']", 2007-04
199,卡拉马佐夫兄弟 (豆瓣),"['陀思妥耶夫斯基', '小说', '俄国文学', '俄罗斯', '卡拉马佐夫兄弟', '外国文学', '厚重的现实主义', '文学']", 2006-8
200,C程序设计语言 (豆瓣),"['C', 'c语言', '编程', '计算机', '程序设计', '经典', '编程语言', 'C/C++']", 2004-1
201,卡尔维诺文集（第三卷） (豆瓣),"['卡尔维诺', '小说', '意大利', '外国文学', '伊塔洛・卡尔维诺', '我们的祖先', '意大利文学', '文学']", 2001-9
202,源泉 (豆瓣),"['安·兰德', '小说', '个人主义', '哲学', '美国', '外国文学', '理想，勇气，爱', '源泉']", 2005-11
203,冰与火之歌（卷一） (豆瓣),"['冰与火之歌', '奇幻', '乔治·马丁', '史诗', '小说', '西方奇幻', '魔幻', '外国文学']", 2005-5
204,我的团长我的团（下部） (豆瓣),"['兰晓龙', '我的团长我的团', '小说', '远征军', '战争', '中国', '缅北之战', '中国文学']", 2009-1
205,唐诗三百首 (豆瓣),"['唐诗三百首', '诗歌', '古典文学', '诗词', '唐诗', '经典', '中国', '古典']", 1998-1-1
206,南京浩劫 (豆瓣),"['历史', '张纯如', '南京大屠杀', '纪实', '张纯如：南京暴行-被遗忘的大屠杀', '二战', '南京浩劫', '战争']", 2007-8
207,王小波全集 (豆瓣),"['王小波', '现代文学', '中国文学', '思维的乐趣', '文学', '小说', '杂文', '王小波全集']", 2006-7
208,猜猜我有多爱你 (豆瓣),"['绘本', '猜猜我有多爱你', '温暖', '童话', '儿童文学', '儿童', '童书', '童心']", 2005-4
209,基地 (豆瓣),"['科幻', '阿西莫夫', '基地系列', '科幻小说', '小说', '经典', '科幻经典', '美国']", 2005-1
210,银河英雄传说 (豆瓣),"['田中芳树', '科幻', '银河英雄传说', '小说', '日本', '架空历史', '银英', '漫画']", 2004-7-1
211,猫城小事 (豆瓣),"['绘本', '猫', '莫莉蓟野', '日本', '猫国物语', '猫城小事', '繪本', '漫画']", 2009-10
212,我在伊朗长大1 (豆瓣),"['绘本', '伊朗', '玛赞·莎塔碧', '漫画', '我在伊朗长大', '历史', '漫画绘本', '文学']", 2006-4
213,國史大綱（上下） (豆瓣),"['历史', '钱穆', '国史大纲', '中国历史', '国学', '经典', '中国史', '中国']", 2013-8
214,乡土中国 生育制度 (豆瓣),"['社会学', '费孝通', '乡土中国', '人类学', '中国', '社会', '农村', '文化']", 1998-5-1
215,365夜故事（上下） (豆瓣),"['小时候的书', '童话', '童年', '儿童文学', '童年回忆', '365', '故事书', '中国']", 1987-2
216,基地与帝国 (豆瓣),"['科幻', '阿西莫夫', '基地系列', '小说', '科幻小说', '美国', '经典', '基地']", 2005-1
217,顾准文集 (豆瓣),"['顾准', '思想', '哲学', '民主', '历史', '思考', '经济', '社会理论:社会学']", 2007-4-1
218,飘（全二册） (豆瓣),"['外国文学', '飘', '经典', '小说', '爱情', '美国', '米切尔', '名著']", 1990-8
219,一九八四·动物农场 (豆瓣),"['反乌托邦', '乔治·奥威尔', '奥威尔', '政治', '1984', '小说', '外国文学', '经典']", 2003-4
220,飲水詞箋校 (豆瓣),"['纳兰性德', '饮水词', '诗词', '古典文学', '纳兰容若', '古典诗词', '文学', '古典']", 2005-7-1
221,渴望生活 (豆瓣),"['传记', '梵高', '渴望生活——梵高传', '艺术', '人物传记', '欧文.斯通', '外国文学', '欧文·斯通']", 2008-4
222,随风而来的玛丽阿姨 (豆瓣),"['童话', '儿童文学', '随风而来的玛丽阿姨', '英国', '奇幻', '外国文学', '童书', '经典']", 2005
223,霍乱时期的爱情 (豆瓣),"['霍乱时期的爱情', '加西亚-马尔克斯', '爱情', '加西亚·马尔克斯', '小说', '拉美文学', '外国文学', '文学']", 2012-9-1
224,月亮和六便士 (豆瓣),"['毛姆', '小说', '月亮和六便士', '外国文学', '英国', '英国文学', '文学', '傅惟慈译']", 2009-10
225,从一到无穷大 (豆瓣),"['科普', '数学', '科学', '自然科学', '从一到无穷大', '伽莫夫', '物理', '经典']", 2002-11
226,论美国的民主 (豆瓣),"['托克维尔', '民主', '美国', '政治学', '政治', '社会学', '政治哲学', '历史']", 1989-1-1
227,全球通史(上) (豆瓣),"['历史', '全球通史', '斯塔夫里阿诺斯', '世界历史', '文明', '历史学', '通史', '全球通史(上)']", 2006-1-10
228,全球通史(下) (豆瓣),"['历史', '全球通史', '斯塔夫里阿诺斯', '世界历史', '世界史', '全球通史(下)', '通史', '美国']", 2006-10
229,上帝掷骰子吗 (豆瓣),"['科普', '量子物理', '物理', '量子力学', '科学史', '科学', '物理学', '哲学']", 2006-1
230,给青年诗人的信 (豆瓣),"['里尔克', '诗歌', '书信', '给青年诗人的信', '外国文学', '文学', '德国', '冯至']", 2005-10
231,快乐王子 (豆瓣),"['王尔德', '童话', '英国', '快乐王子', '外国文学', '英国文学', '儿童文学', '经典']", 2007-7
232,代码大全（第2版） (豆瓣),"['编程', '代码大全', '软件开发', '计算机', '软件工程', '程序设计', '代码', 'programming']", 2006-3
233,C++ Primer 中文版（第 4 版） (豆瓣),"['C++', '编程', '计算机', '程序设计', 'C/C++', '经典', '经典教材', '经典之作']", 2006
234,三体Ⅱ (豆瓣),"['科幻', '刘慈欣', '三体', '科幻小说', '黑暗森林', '小说', '中国科幻', '中国']", 2008-5
235,爷爷变成了幽灵 (豆瓣),"['绘本', '爷爷变成了幽灵', '儿童文学', '丹麦', '童话', '感人', '国外绘本', '瑞典']", 2007-12
236,肖申克的救赎 (豆瓣),"['肖申克的救赎', '斯蒂芬·金', '小说', '经典', '外国文学', '希望', '美国', '悬疑']", 2006-7
237,安徒生童话故事集 (豆瓣),"['童话', '安徒生', '经典', '外国文学', '儿童文学', '安徒生童话', '安徒生童话故事集', '名著']", 1997-08
238,平凡的世界（全三册） (豆瓣),"['路遥', '平凡的世界', '中国文学', '小说', '现实主义', '经典', '茅盾文学奖', '人生']", 2009-1
239,撒哈拉的故事 (豆瓣),"['三毛', '撒哈拉的故事', '散文', '随笔', '游记', '台湾', '中国文学', '文学']", 2003-8
240,飘 (豆瓣),"['飘', '外国文学', '经典', '爱情', '小说', '外国名著', '美国', '名著']", 2000-9
241,三国演义（全二册） (豆瓣),"['三国演义', '古典文学', '古典名著', '罗贯中', '小说', '历史', '名著', '中国']", 1998-05
242,王尔德童话 (豆瓣),"['王尔德', '童话', '王尔德童话', '英国', '外国文学', '英国文学', '儿童文学', '经典']", 2003-6
243,先知 (豆瓣),"['纪伯伦', '哲学', '诗歌', '外国文学', '先知', '哲诗', '文学', '思想']", 2007-8
244,加缪文集 (豆瓣),"['加缪', '哲学', '存在主义', '法国', '小说', '外国文学', '法国文学', '加缪文集']", 1999-5
245,维特根斯坦传 (豆瓣),"['维特根斯坦', '传记', '哲学', '人物传记', '哲学家，传记，维特根斯坦', '天才', '英国', 'Ludwig_Wittgenstein']", 2011-6
246,新华字典（1998年修订本） (豆瓣),"['工具书', '字典', '新华字典(1998年修订本)', '中国', '经典', '新华字典', '现代汉语', '学习']", 1998-6
247,我的团长我的团（上部） (豆瓣),"['我的团长我的团', '兰晓龙', '小说', '远征军', '战争', '缅北之战', '中国', '中国文学']", 2009-1
248,社会性动物 (豆瓣),"['心理学', '社会心理学', '社会学', '心理', '社会性动物', '人类学', '社会', '美国']", 2007-12
249,公正 (豆瓣),"['哲学', '政治哲学', '迈克尔•桑德尔', '正义', '公开课', '伦理学', '哈佛', '美国']", 2011-1-1
250,设计模式 (豆瓣),"['设计模式', '软件工程', '计算机', '编程', '软件开发', '软件设计', '程序设计', 'design']", 2000-9
251,人生的智慧 (豆瓣),"['哲学', '叔本华', '人生的智慧', '西方哲学', '人生', '思想', '智慧', '德国']", 2015-11
252,什么是数学 (豆瓣),"['数学', '科普', '思维', '什么是数学', '方法论', '科学', '自然科学', '本质']", 2005-5
253,三国志（全五册） (豆瓣),"['历史', '三国志', '陈寿', '中国历史', '三国', '二十四史', '经典', '古典文学']", 2011-10
254,夹边沟记事 (豆瓣),"['纪实', '历史', '苦难', '杨显惠', '夹边沟记事', '中国历史', '反右', '中国']", 2008-09
255,明朝那些事儿（1-9） (豆瓣),"['历史', '明朝那些事儿', '明朝', '当年明月', '中国历史', '中国文学', '小说', '中国']", 2009-4
256,昨日的世界 (豆瓣),"['茨威格', '回忆录', '历史', '斯蒂芬・茨威格', '传记', '外国文学', '欧洲', '奥地利']", 2004-5-1
257,唐诗鉴赏辞典 (豆瓣),"['唐诗', '诗词', '古典文学', '鉴赏', '中国古典文学', '诗歌', '辞典', '文学']", 1999-11
258,星空 (豆瓣),"['幾米', '绘本', '几米', '星空', '成长', '心灵', '漫画', '台湾']", 2009-5-1
259,博尔赫斯小说集 (豆瓣),"['博尔赫斯', '小说', '阿根廷', '外国文学', '博尔赫斯小说集', '文学', '经典', '迷宫小说']", 2005-12
260,江城 (豆瓣),"['纪实中国', '纪实', '何伟', '中国', '旅行', '随笔', '社会', '美国@Peter_Hessler']", 2012-1
261,海的女儿 (豆瓣),"['童话', '安徒生', '海的女儿', '丹麦', '外国文学', '经典', '儿童文学', '童年']", 1978年6月
262,福尔摩斯探案全集（上中下） (豆瓣),"['福尔摩斯', '推理', '侦探', '柯南道尔', '侦探小说', '经典', '小说', '英国']", 1981-8
263,让爱点亮 (豆瓣),"['刀刀', '绘本', '慕容引刀', '漫画', '让爱点亮', '温暖', '中国', '绘本图书']", 2008-5
264,悉达多 (豆瓣),"['赫尔曼·黑塞', '黑塞', '小说', '宗教', '德国', '外国文学', '佛教', '德国文学']", 2009-3
265,美国纽约摄影学院摄影教材（上） (豆瓣),"['摄影', '美国纽约摄影学院摄影教材', '美国纽约摄影学院摄影教材(上册)', '攝影', '教材', '艺术', '教程', '学习']", 2000-03
266,UNIX编程艺术 (豆瓣),"['UNIX', '编程', '编程艺术', '计算机', '文化', 'programming', 'linux', '软件开发']", 2006-2
267,追忆似水年华（上下册） (豆瓣),"['追忆似水年华', '普鲁斯特', '意识流', '小说', '法国', '外国文学', '法国文学', '马塞尔・普鲁斯特']", 2001-4
268,忧郁的热带 (豆瓣),"['人类学', '列维·斯特劳斯', '社会学', '忧郁的热带', '游记', '法国', '结构主义', '文化']", 2005-6
269,狂热分子 (豆瓣),"['社会学', '社会心理学', '群体心理学', '心理学', '狂热分子', '政治学', '社会', '政治']", 2011-6
270,中国历代政治得失 (豆瓣),"['历史', '钱穆', '政治', '中国历史', '中国历代政治得失', '中国', '经典', '国学']", 2001
271,营销管理 (豆瓣),"['营销', '营销管理', '市场营销', '菲利普·科特勒', '管理', '营销管理（第12版）', '商业', '管理学']", 2006-9
272,爱心树 (豆瓣),"['绘本', '爱心树', '谢尔·希尔弗斯坦', '儿童文学', '童话', '美国', '希尔弗斯坦', '童书']", 2003-9-1
273,活着 (豆瓣),"['余华', '小说', '活着', '苦难', '中国文学', '人生', '当代文学', '中国']", 2004-5
274,好妈妈胜过好老师 (豆瓣),"['育儿', '教育', '家庭教育', '儿童教育', '好妈妈胜过好老师', '亲子', '幼儿教育', '家庭']", 2009-1-1
275,我在伊朗长大3 (豆瓣),"['绘本', '伊朗', '玛赞·莎塔碧', '漫画', '我在伊朗长大', '历史', '自传', '漫画绘本']", 2006-4
276,父与子全集 (豆瓣),"['漫画', '父与子', '永恒的经典——父与子', '幽默', '德国', '亲情', '经典', '卜劳恩']", 2003-4
277,被爱路过 (豆瓣),"['刀刀', '绘本', '被爱路过', '慕容引刀', '漫画', '温暖的绘本', '情感', '生活']", 2007-9
278,子猫絮语 (豆瓣),"['绘本', '猫', '莫莉蓟野', '日本', '子猫絮语', '猫国物语', '繪本', '漫画']", 2009-5
279,动物农场 (豆瓣),"['乔治·奥威尔', '政治寓言', '反乌托邦', '小说', '极权主义', '政治', '外国文学', '英国']", 2007-3
280,沉默的大多数 (豆瓣),"['王小波', '杂文', '沉默的大多数', '思想', '随笔', '中国文学', '文学', '中国']", 1997-10
281,阿狸·梦之城堡 (豆瓣),"['阿狸', '绘本', '温暖', '童话绘本', '梦之城堡', '童话', '感动', '爱']", 2009-1
282,活着 (豆瓣),"['余华', '活着', '小说', '中国文学', '人生', '生活', '文学', '当代']", 1998-5
283,小王子 (豆瓣),"['小王子', '童话', '经典', '圣埃克苏佩里', '成长', '法国', '外国文学', '哲学']", 2003-8
284,白夜行 (豆瓣),"['东野圭吾', '東野圭吾', '推理', '悬疑', '日本', '推理小说', '日本文学', '人性']", 2008-9
285,东方快车谋杀案 (豆瓣),"['阿加莎·克里斯蒂', '推理', '推理小说', '英国', '侦探推理', '东方快车谋杀案', '侦探', '小说']", 2006-5
286,傲慢与偏见 (豆瓣),"['傲慢与偏见', '奥斯汀', '外国文学', '爱情', '小说', '英国', '名著', '外国名著']", 1996-12
287,我的精神家园 (豆瓣),"['王小波', '杂文', '我的精神家园', '随笔', '思想', '中国文学', '文学', '中国']", 1997
288,历史深处的忧虑 (豆瓣),"['美国', '林达', '政治', '历史', '文化', '社会', '民主', '随笔']", 1997-5
289,经济学原理（上下） (豆瓣),"['经济学', '经济学原理', '曼昆', '经济学入门', '经济', '经典', '教材', 'economics']", 2003-8
290,十万个为什么 (豆瓣),"['科普', '十万个为什么', '小时候的书', '童年', '启蒙', '儿童', '中国', '小时候']", 1962
291,象棋的故事 (豆瓣),"['茨威格', '小说', '奥地利', '外国文学', '象棋的故事', '经典', '文学', '斯蒂芬·茨威格']", 2007-7
292,沉默的大多数 (豆瓣),"['王小波', '杂文', '沉默的大多数', '思想', '随笔', '中国文学', '中国', '文学']", 2006-4
293,嫌疑人X的献身 (豆瓣),"['东野圭吾', '推理', '日本', '推理小说', '小说', '嫌疑人X的献身', '東野圭吾', '日本文学']", 2009-11
294,全本新注聊斋志异（全三册） (豆瓣),"['蒲松龄', '古典文学', '聊斋', '小说', '中国古典文学', '中国文学', '古典', '中国']", 1989-9
295,楚辞 (豆瓣),"['楚辞', '古典文学', '诗歌', '国学', '中国文学', '古典', '诗词', '古籍']", 2003-03-01
296,2001太空漫游 (豆瓣),"['科幻', '阿瑟·克拉克', '科幻小说', '小说', '太空漫游', '英国', '经典', '英国文学']", 2007-11
297,你一生的故事 (豆瓣),"['科幻', '特德·蒋', '科幻小说', '小说', '你一生的故事', '美国', '短篇', '世界科幻大师丛书']", 2005-2
298,你看起来好像很好吃 (豆瓣),"['绘本', '你看起来好像很好吃', '日本', '宫西达也', '儿童文学', '童话', '我就是那霸王龙式的孩子', '繪本']", 2004-06
299,三毛流浪记（全集） (豆瓣),"['漫画', '三毛', '张乐平', '经典', '中国漫画', '中国', '童年', '绘本']", 1995-10
300,三毛从军记全集 (豆瓣),"['漫画', '三毛', '张乐平', '童年', '中国', '中国漫画', '经典', '记忆']", 1990-1
301,金色梦乡 (豆瓣),"['伊坂幸太郎', '日本', '推理', '日本文学', '小说', '推理小说', '日系推理', '悬疑']", 2010-9
302,寻路中国 (豆瓣),"['纪实中国', '旅行', '纪实', '中国', '何伟', '寻路中国', '社会学', '社会']", 2011-1
303,规训与惩罚 (豆瓣),"['福柯', '社会学', '哲学', '规训与惩罚', '西方哲学', '法国', '思想', '监狱']", 2003-1
304,刀锋 (豆瓣),"['毛姆', '小说', '英国', '外国文学', '英国文学', '刀锋', '经典', '文学']", 2007-3
305,父亲的战场 (豆瓣),"['历史', '中国远征军', '抗日', '远征军', '纪实', '章东磐', '被刻意掩盖的历史', '军事']", 2009-7
306,海伯利安 (豆瓣),"['科幻', '海伯利安', '丹·西蒙斯', '科幻小说', '太空歌剧', '小说', '美国', '经典']", 2007-5
307,大师和玛格丽特 (豆瓣),"['布尔加科夫', '小说', '俄罗斯', '魔幻', '外国文学', '俄国文学', '俄罗斯文学', '魔幻现实主义']", 2004-06
308,我也有一个梦想 (豆瓣),"['林达', '美国', '政治', '文化', '历史', '民主', '社会', '随笔']", 2004-08
309,人间词话 (豆瓣),"['王国维', '人间词话', '诗词', '国学', '文学', '古典', '古文诗词', '经典']", 1998-12-01
310,圣经 (豆瓣),"['圣经', '宗教', '信仰', '聖經', '基督', '基督教', '经典', '一直在读']", 1996
311,传统十论 (豆瓣),"['历史', '秦晖', '社会学', '文化', '社会', '传统十论', '政治哲学', '传统']", 2003-10-1
312,受戒 (豆瓣),"['汪曾祺', '小说', '中国文学', '短篇集', '洁净优美动人', '文学', '中国现当代文学', '受戒']", 2012-7
313,巨人的陨落 (豆瓣),"['历史', '小说', '外国文学', '肯·福莱特', '好书，值得一读', '经典', '英国小说', '英国']", 2016-5-1
314,大路 (豆瓣),[], 2015-11-1
315,独裁者手册 (豆瓣),"['政治学', '政治', '社会学', '独裁', '民主', '社会', '政治哲学', '美国']", 2014-5
316,海洋帝国 (豆瓣),"['历史', '地中海史诗三部曲', '地中海', '欧洲历史', '罗杰·克劳利', '文明冲突', '奥斯曼', '世界历史']", 2014-6
317,甲骨文 (豆瓣),"['中国', '何伟', 'PeterHessler', '社会', '社会学', '纪实中国', '文化', '甲骨文']", 2007-5-7
318,我是霸王龙 (豆瓣),"['绘本', '宫西达也', '日本', '我是霸王龙', '儿童文学', '童话', '童书', '繪本']", 2004-06
319,杀死一只知更鸟 (豆瓣),"['成长', '杀死一只知更鸟', '美国文学', '教育', '经典', '小说', '外国文学', '哈珀·李']", 2012-9
320,柳如是别传（全三册） (豆瓣),"['陈寅恪', '传记', '柳如是', '历史', '柳如是别传', '国学', '女性', '晚清-民国学者']", 2001-1
321,灯塔 (豆瓣),"['孤独', '外国文学', '心理学', '漫画', '法国', '绘本', '自由', '图像小说']", 2016-2
322,万水千山走遍 (豆瓣),"['三毛', '旅行', '散文', '万水千山走遍', '随笔', '台湾', '中国文学', '三毛echo']", 2009-4
323,The Ph.D. Grind (豆瓣),"['PhD', '学术', '传记', '美国', '方法论', 'ComputerScience', '计算机', 'Biography']", 2012-7-1
324,金枝 (豆瓣),"['人类学', '宗教', '詹姆斯・乔治・弗雷泽', '文化', '巫術', '神话', '历史', '神秘']", 1998-01
325,丰饶之海（上下） (豆瓣),"['三岛由纪夫', '日本文学', '日本', '小说', '丰饶之海', '文学', '细细迷迷的迷离失所', '外国文学']", 2001-1
326,魔戒 (豆瓣),"['奇幻', 'J.R.R.托尔金', '魔戒', '小说', '英国', '魔幻', '外国文学', '托尔金']", 2013-9
327,斐多 (豆瓣),"['哲学', '柏拉图', '杨绛', '古希腊', '西方哲学', '苏格拉底', '柏拉圖', '三联']", 2011-3
328,顾城哲思录 (豆瓣),"['顾城', '哲学', '哲思', '中国文学', '思想', '诗心', '文学', '当代文学']", 2012-8-1
329,韦伯作品集Ⅻ:新教伦理与资本主义精神 (豆瓣),"['社会学', '韦伯', '宗教', '新教伦理与资本主义精神', '哲学', '政治哲学', '经济学', '社会']", 2007-7
330,孤城闭 (豆瓣),"['米兰Lady', '小说', '宋代', '历史', '历史言情', '言情', '古典', '古言']", 2009-09-11
331,传习录 (豆瓣),"['王阳明', '哲学', '心学', '国学', '中国哲学', '传习录', '王守仁', '古典']", 2008-1
332,C Primer Plus (豆瓣),"['编程', 'c', 'c语言', '计算机', '程序设计', 'C', '经典', 'programming']", 2005-2-1
333,万历十五年（增订本） (豆瓣),"['历史', '黄仁宇', '明史', '万历十五年', '中国历史', '明朝', '经典', '中国']", 2007-1
334,论法的精神（上） (豆瓣),"['孟德斯鸠', '法学', '政治学', '法律', '哲学', '论法的精神', '政治哲学', '思想']", 1961-11
335,江村经济 (豆瓣),"['社会学', '费孝通', '人类学', '农村', '江村经济', '中国', '经济', '社会']", 2007-8
336,麒麟之与子同袍 (豆瓣),"['耽美', '桔子树', '军事', '麒麟', '夏明朗', '陆臻', '最爱❤', '小说']", 2011-6-10
337,快乐王子 (豆瓣),"['王尔德', '童话', '英国', '外国文学', '奥斯卡·王尔德', '英国文学', '儿童文学', '文学']", 2010-4-1
338,羊道·深山夏牧场 (豆瓣),"['李娟', '散文', '新疆', '随笔', '阿勒泰', '散文随笔', '羊道·深山夏牧场', '中国文学']", 2012-8-25
339,安娜·卡列尼娜 (豆瓣),"['托尔斯泰', '俄国文学', '列夫·托尔斯泰', '经典', '外国文学', '小说', '文学', '俄国']", 2007-8
340,羊道·前山夏牧场 (豆瓣),"['李娟', '散文', '新疆', '随笔', '阿勒泰', '散文随笔', '自然', '中国文学']", 2012-8-25
341,英语魔法师之语法俱乐部 (豆瓣),"['英语', '英语学习', '语法', '英语语法', '英语魔法师之语法俱乐部', '旋元佑', '工具书', 'English']", 2001-5
342,编码的奥秘 (豆瓣),"['计算机', '编码', '计算机科学', '编程', '科普', '入门', '经典', 'programming']", 2000-9-1
343,天人五衰 (豆瓣),"['三岛由纪夫', '日本文学', '日本', '小说', '三島由紀夫', '丰饶之海', '天人五衰', '文学']", 2011-4
344,霸王别姬 (豆瓣),"['李碧华', '霸王别姬', '小说', '香港', '张国荣', '电影原著', '中国文学', '爱情']", 1993年8月
345,给青年诗人的信 (豆瓣),"['里尔克', '外国文学', '书信集', '诗歌', '书信', '奥地利', '诗', '文学']", 2011-2
346,JavaScript语言精粹 (豆瓣),"['JavaScript', 'Web前端开发', '编程', 'javacript', 'web开发', '计算机', ""O'Reilly"", 'web']", 2009-4
347,芥川龙之介全集 (豆瓣),"['芥川龙之介', '日本文学', '日本', '小说', '芥川龙之介全集', '文学', '短篇', '文集']", 2005-3
348,集体智慧编程 (豆瓣),"['数据挖掘', '机器学习', '算法', '人工智能', '编程', '计算机', '集体智慧', '计算机科学']", 2009-1
349,棋王.樹王.孩子王 (豆瓣),"['阿城', '小说', '中国文学', '当代文学', '文革', '中国', '文学', '中國文學']", 2007-1-1
350,电影是什么？ (豆瓣),"['电影', '安德烈.巴赞', '电影理论', '法国', '艺术', '巴赞', '电影是什么', '电影是什么？']", 2008-11-01
351,正红旗下 (豆瓣),"['老舍', '小说', '中国文学', '未完成的遗憾', '正红旗下', '旗人', '清末', '经典']", 1980年6月
352,我想去看海 (豆瓣),"['绘本', '不一样的卡梅拉', '童话', '儿童文学', '法国', '童书', '我想去看海', '儿童']", 2006-09-01
353,香初上舞·终上 (豆瓣),"['藤萍', '九功舞', '武侠', '小说', '圣香', '香初上舞', '言情', '香初上舞·终上']", 2005-04
354,香初上舞·再上 (豆瓣),"['藤萍', '九功舞', '武侠', '小说', '圣香', '香初上舞', '言情', '香初上舞·再上']", 2005-3-1
355,美语音标 (豆瓣),"['英语', '音标', '赖世雄', '英语学习', '口语', '发音', '外语学习', '工具书']", 2010-1
356,人生的枷锁 (豆瓣),"['毛姆', '小说', '英国文学', '外国文学', '英国', '人生', '人生枷锁', '文学']", 2011-5-1
357,金庸全集 (豆瓣),"['金庸', '武侠', '小说', '武侠小说', '经典', '金庸全集', '中国文学', '三联']", 1994-5
358,毛泽东选集 第一卷 (豆瓣),"['毛泽东', '毛泽东选集', '哲学', '政治', '经典', '毛选', '革命', '中国']", 1991-6
359,庄子今注今译（全三册） (豆瓣),"['庄子', '哲学', '陈鼓应', '国学', '道家', '中国哲学', '古籍', '经典']", 2009-2
360,庄子諵譁（下） (豆瓣),"['南怀瑾', '庄子', '哲学', '国学', '道家', '庄子諵譁', '传统文化', '文化']", 2007-7
361,故事新编 (豆瓣),"['鲁迅', '小说', '中国文学', '故事新编', '文学', '中国', '现代文学', '经典']", 1973-12-01
362,汪曾祺小说经典 (豆瓣),"['汪曾祺', '小说', '中国文学', '当代文学', '文学', '清新', '现当代文学', '中国']", 2005-8-1
363,鸟哥的Linux私房菜 (豆瓣),"['Linux', '操作系统', '计算机', '鸟哥', 'Linux/Unix', 'IT', 'linux', '技术']", 2010-6-28
364,亲爱的提奥 (豆瓣),"['梵高', '传记', '书信', '艺术', '文森特·凡高', '荷兰', '外国文学', '绘画']", 2010-8
365,夏宇詩集／腹語術 (豆瓣),"['夏宇', '诗歌', '詩', '台灣', '台湾', '诗', '現代詩', '詩集']", 1991-3-15
366,海子诗全集 (豆瓣),"['海子', '诗歌', '诗集', '中国文学', '诗', '现当代文学', '文学', '中国']", 2009-3
367,约翰·克利斯朵夫（共四册） (豆瓣),"['罗曼罗兰', '小说', '外国文学', '经典', '法国', '法国文学', '傅雷', '名著']", 1957-1
368,牡丹亭 (豆瓣),"['古典文学', '汤显祖', '牡丹亭', '戏剧', '中国古典文学', '昆曲', '中国文学', '爱情']", 2005-5-1
369,历史研究 (豆瓣),"['历史', '汤因比', '历史研究', '历史哲学', '阿诺德・汤因比', '世界历史', '文化类型史观', '文化']", 2005-4-1
370,德米安 (豆瓣),"['赫尔曼·黑塞', '黑塞', '小说', '德国文学', '德国', '成长', '外国文学', '文学']", 2009-3
371,雕刻时光 (豆瓣),"['电影', '塔可夫斯基', '雕刻时光', '电影理论', '安德烈·塔可夫斯基', '艺术', '传记', '安德烈.塔可夫斯基']", 2003-08
372,改变心理学的40项研究 (豆瓣),"['心理学', '心理', '改变心理学的40项研究(第5版)', '实验', '科普', '心理学史', '常识·心理学', '科学']", 2010-8-1
373,死屋手记 (豆瓣),"['陀思妥耶夫斯基', '小说', '俄罗斯', '俄国文学', '俄罗斯文学', '外国文学', '文学', '死屋手记']", 2011-5
374,纪伯伦诗集 (豆瓣),"['纪伯伦', '诗歌', '外国文学', '诗集', '纪伯伦诗集', '经典', '诗', '文学']", 2006-12
375,沙与沫 (豆瓣),"['纪伯伦', '诗歌', '哲学', '散文诗', '外国文学', '黎巴嫩', '经典', '智慧的先知']", 2004-9
376,被淹没和被拯救的 (豆瓣),"['历史', '普里莫•莱维', '回忆录', '集中营', '纳粹', '二战', '意大利文学', '意大利']", 2013-3
377,海风中失落的血色馈赠 (豆瓣),"['阿利斯泰尔·麦克劳德', '外国文学', '小说', '短篇小说', '加拿大', '加拿大文学', '短经典', '文学']", 2015-6-1
378,切尔诺贝利的悲鸣 (豆瓣),"['切尔诺贝利', '纪实文学', '纪实', '诺贝尔奖', '灾难', 'S.A.阿列克谢耶维奇', '外国文学', '阿列克谢耶维奇']", 2015-11
379,极简宇宙史 (豆瓣),"['科普', '宇宙', '天文', '宇宙学', '科学', '我想读这本书', '想读，一定很精彩！', '好书，值得一读']", 2016-3
380,追忆似水年华 (豆瓣),"['意识流', '追忆似水年华', '普鲁斯特', '法国文学', '外国文学', '小说', '文学', '法国']", 2012-6
381,我们时代的神经症人格 (豆瓣),"['心理学', '精神分析', '心理', '卡伦·霍尼', '精神分析派', '社会学', '神经症', '文化研究']", 2011-5
382,活着为了讲述 (豆瓣),"['加西亚·马尔克斯', '自传', '传记', '马尔克斯', '外国文学', '回忆录', '拉美文学', '哥伦比亚']", 2016-4-1
383,心经 (豆瓣),"['心经', '佛学', '佛学\u3000经典', '宗教', '般若波罗密多', '佛教', '佛经', '经典']", 2006-3
384,毛毛 (豆瓣),"['童话', '米切尔·恩德', '儿童文学', '毛毛', '德国', '幻想', '时间', '小说']", 2006-12
385,银河英雄传说 (豆瓣),"['田中芳树', '科幻', '日本', '银河英雄传说', '小说', '银英', '架空历史', '田中大神']", 1995
386,受戒 (豆瓣),"['汪曾祺', '小说', '中国文学', '当代文学', '波澜不惊的爱', '中国现当代文学', '文学', '中国']", 2000
387,局外人 (豆瓣),"['加缪', '阿尔贝·加缪', '存在主义', '小说', '法国', '法国文学', '外国文学', '文学']", 2013-8
388,霸王别姬 (豆瓣),"['李碧华', '小说', '霸王别姬', '经典', '香港文学', '中国文学', '爱情', '香港']", 2013-10
389,一个叫欧维的男人决定去死 (豆瓣),"['治愈', '北欧文学', '怪老头', '好书，值得一读', '小说', '瑞典', '外国文学', '弗雷德里克·巴克曼']", 2015-12
390,记忆与印象 (豆瓣),"['史铁生', '散文', '记忆与印象', '中国文学', '随笔', '朴实自然真挚', '文学', '记忆']", 2004-5-1
391,新月集·飞鸟集 (豆瓣),"['泰戈尔', '诗歌', '外国文学', '新月集飞鸟集', '印度', '文学', '印度文学', '郑振铎译']", 2009-6
392,乱世佳人(上、下) (豆瓣),"['乱世佳人', '外国文学', '经典', '名著', '爱情', '美国', '小说', '外国名著']", 1997-12-01
393,温柔的夜 (豆瓣),"['三毛', '温柔的夜', '散文', '随笔', '台湾', '中国文学', '文学', '三毛echo']", 2009-4
394,Effective C++中文版 (豆瓣),"['C++', '编程', '计算机', 'C/C++', '经典', 'programming', 'Effective', '侯捷']", 2001-9
395,阿拉伯的劳伦斯 (豆瓣),"['历史', '中东', '传记', '伊斯兰', '劳伦斯', '甲骨文', '美国', '文学']", 2014-9-1
396,重构 (豆瓣),"['重构', '软件工程', '代码优化', '编程', '计算机', '软件开发', '经典', '架构']", 2010
397,中国哲学简史 (豆瓣),"['哲学', '冯友兰', '中国哲学', '哲学史', '中国', '思想史', '历史', '国学']", 2005-10
398,傅山的世界 (豆瓣),"['书法', '艺术史', '傅山', '艺术', '白谦慎', '历史', '傅山的世界', '生活・读书・新知三联书店']", 2006-4
399,C和指针 (豆瓣),"['C', 'C语言', '编程', '指针', '计算机', '程序设计', 'C/C++', 'Programming']", 2008 年4月
400,備忘錄 (豆瓣),"['夏宇', '诗歌', '詩', '台湾', '诗', '備忘錄', '台灣', '絕版']", 1987
401,论自由 (豆瓣),"['自由主义', '哲学', '政治哲学', '穆勒', '自由', '政治', '广西师范大学出版社', '密尔']", 2011-9
402,人性的枷锁 (豆瓣),"['毛姆', '人性的枷锁', '小说', '人性', '英国', '外国文学', '经典', '文学']", 1983
403,有匪1 (豆瓣),"['武侠', '武侠小说', 'Priest', '小说', '言情', 'priest', '成长', '晋江']", 2016-11
404,大明王朝1566 (豆瓣),"['历史', '历史小说', '明朝', '大明王朝', '刘和平', '小说', '政治', '明史']", 2007-1-1
405,黄金时代 (豆瓣),"['王小波', '小说', '黄金时代', '中国文学', '当代文学', '中国', '文学', '中国当代文学']", 2008-1
406,给心理治疗师的礼物 (豆瓣),"['心理学', '心理咨询', '心理治疗', '心理咨询与治疗', '心理', '欧文·亚隆', 'psychology', 'Yalom']", 2004-09-01
407,麒麟之生死與共 (豆瓣),"['耽美', '桔子树', '军事', '麒麟', '夏明朗', '陆臻', '小说', '最爱❤']", 2011-7-5
408,沈从文的后半生 (豆瓣),"['沈从文', '传记', '中国文学', '张新颖', '文学', '人物传记', '民国', '中国']", 2014-6-1
409,世界的凛冬 (豆瓣),"['世纪三部曲', '二战', '历史', '小说', '世界的凛冬', '肯·福莱特', '肯.福莱特', '英国文学']", 2017-3-1
410,人鼠之间 (豆瓣),"['约翰·斯坦贝克', '小说', '美国文学', '外国文学', '美国', '经典', '文学', '中短篇']", 2016-1-1
411,面纱 (豆瓣),"['毛姆', '小说', '英国文学', '英国', '外国文学', '面纱', '好书，值得一读', '文学']", 2016-4-1
412,欲望号街车 (豆瓣),"['戏剧', '田纳西·威廉斯', '美国', '美国文学', '剧本', '外国文学', '欲望号街车', '文学']", 2010-4
413,南怀瑾选集（第一卷） (豆瓣),"['南怀瑾', '国学', '论语', '哲学', '文化', '南怀瑾选集', '经典', '孔子']", 2003-9
414,哲学研究 (豆瓣),"['哲学', '维特根斯坦', '哲学研究', '语言哲学', '西方哲学', '分析哲学', '逻辑', '陈嘉映']", 2005-05
415,海伯利安的陨落 (豆瓣),"['科幻', '丹·西蒙斯', '科幻小说', '小说', '海伯利安四部曲', '美国', '海伯利安', '太空歌剧']", 2014-11
416,海伯利安 (豆瓣),"['科幻', '科幻小说', '丹·西蒙斯', '海伯利安四部曲', '小说', '海伯利安', '太空歌剧', '美国']", 2014-11
417,唐宋词十七讲 (豆瓣),"['叶嘉莹', '诗词', '古典文学', '古典诗词', '唐宋词十七讲', '诗歌', '文艺评论', '中国']", 2015-5-1
418,经济解释卷一： 科学说需求 （神州增订版） (豆瓣),"['经济学', '张五常', '经济', '制度经济学', '新制度经济学', '科学说需求', '科普', '中国']", 2010-6
419,管锥编（全五册） (豆瓣),"['钱钟书', '管锥编', '国学', '钱锺书', '文艺理论', '文学', '经典', '文化']", 1979-08
420,罗生门 (豆瓣),"['芥川龙之介', '日本文学', '日本', '罗生门', '人性', '小说', '经典', '短篇集']", 2015-8-7
421,我与地坛 (豆瓣),"['史铁生', '散文', '我与地坛', '人生', '随笔', '中国文学', '中国当代文学', '文学']", 2002-5
422,這些人，那些事 (豆瓣),"['吳念真', '台湾', '散文', '随笔', '台湾文学', '吴念真', '文学', '台灣']", 2010-10-26
423,叔本华思想随笔 (豆瓣),"['叔本华', '哲学', '随笔', '西方哲学', '德国', '经典', '天才', '外国文学']", 2005-4
424,斯·茨威格中短篇小说选 (豆瓣),"['茨威格', '小说', '外国文学', '奥地利', '奥地利文学', '经典', '文学', '名著']", 2006-6
425,毛姆短篇小说精选集 (豆瓣),"['毛姆', '英国文学', '短篇小说', '小说', '外国文学', '英国', '短篇集', '文学']", 2012-11
426,阿勒泰的角落 (豆瓣),"['李娟', '散文', '新疆', '阿勒泰', '随笔', '生活', '中国文学', '旅行']", 2010-6
427,四世同堂 (豆瓣),"['老舍', '中国文学', '抗日战争', '小说', '经典', '名著', '现代文学', '文学']", 2008-07
428,基督山伯爵（上下册） (豆瓣),"['大仲马', '基督山伯爵', '外国文学', '小说', '经典', '法国', '名著', '法国文学']", 2007-01-23
429,卡尔维诺文集（第五卷） (豆瓣),"['卡尔维诺', '小说', '意大利', '外国文学', '寒冬夜行人', '文学', '伊塔洛・卡尔维诺', '意大利文学']", 2001-9
430,黄金时代 白银时代 (豆瓣),"['王小波', '小说', '黄金时代(白银时代)', '中国文学', '文学', '当代', '黄金时代', '白银时代']", 2002-1
431,艺术的故事 (豆瓣),"['艺术', '艺术史', '贡布里希', '艺术的故事', '文化', '历史', '美术学', '经典']", 2008-04
432,项塔兰 (豆瓣),"['小说', '项塔兰', '印度', '外国文学', '自传小说', '传记', '澳大利亚', '文学']", 2009-4
433,李光耀观天下 (豆瓣),"['李光耀', '政治', '传记', '新加坡', '人物', '李光耀观天下', '社会', '深刻、精辟的好书！']", 2015-6
434,台北人 (豆瓣),"['白先勇', '台湾文学', '短篇小说', '台湾', '小说', '现当代文学', '台北人', '文学']", 2015-1
435,现代艺术150年 (豆瓣),"['艺术', '艺术史', '现代艺术', '艺术史书单', '威尔·贡培兹', '文化', '理想国', '文化/生活']", 2017-3-1
436,鱼王 (豆瓣),"['俄国文学', '小说', '外国文学', '俄罗斯', '文学', '阿斯塔菲耶夫', '苏俄文学', '理想国']", 2017-4
437,新名字的故事 (豆瓣),"['那不勒斯四部曲', '女性', '埃莱娜•费兰特', '小说', '外国文学', '意大利文学', '意大利', '文学/小说']", 2017-4
438,孩子们的诗 (豆瓣),"['孩子的诗', '儿童文学', '诗歌', '诗', '文学', '送个孩子最好的礼物，希望他可以诗意生活', '中国文学', '读诗']", 2017-10
439,有匪3 (豆瓣),"['武侠', 'Priest', '小说', '言情', '好书，值得一读', '成长', '新武侠', 'priest']", 2017-7
440,霍比特人 (豆瓣),"['奇幻', '托尔金', '魔戒', '英国文学', '小说', 'J.R.R.Tolkien', '外国文学', '英国']", 2013-6
441,松风 (豆瓣),"['绘本', '早稻', '画集', '国漫', '漫画', '画册', '中国', '魔幻']", 2015-7-10
442,我是女兵，也是女人 (豆瓣),"['阿列克谢耶维奇', '二战', '女性', '纪实文学', '诺贝尔文学奖', '纪实', '苏联', '外国文学']", 2015-9
443,给青年诗人的信 (豆瓣),"['里尔克', '诗歌', '外国文学', '书信', '文学', '冯至', '随笔', '奥地利']", 2015-12
444,肠子的小心思 (豆瓣),"['科普', '健康', '医学', '健康类图书', '好书，值得一读', '脑洞很大', '预防医学', '重口味科普']", 2016-1
445,关山夺路 (豆瓣),"['王鼎钧', '回忆录', '历史', '台湾', '传记', '文学', '散文', '三联']", 2013-1
446,会饮篇 (豆瓣),"['哲学', '柏拉图', '古希腊', '西方哲学', '爱情', '苏格拉底', '美学', '社会学']", 2013-1
447,是，大臣 (豆瓣),"['英国', '政治', '讽刺', '小说', '英国文学', '外国文学', '文学', 'yesminister!']", 2012-8
448,春雪 (豆瓣),"['三岛由纪夫', '日本文学', '日本', '小说', '三島由紀夫', '丰饶之海', '文学', '文洁若']", 2014-3
449,褚时健传 (豆瓣),"['传记', '人物传记', '褚时健', '企业家', '励志', '好书，值得一读', '商业', '中国']", 2015-12
450,重返狼群 (豆瓣),"['重返狼群', '狼', '纪实小说', '“狼妈妈”李微漪', '自然', '动物', '纪实', '小说']", 2012-7-1
451,梵高手稿 (豆瓣),"['梵高', '艺术', '手稿', '传记', '书信', '艺术家', '绘画', '画集']", 2015-12
452,罗马人的故事5 (豆瓣),"['历史', '盐野七生', '罗马', '古罗马', '恺撒', '罗马人的故事', '罗马史', '日本']", 2012-3
453,罗马人的故事（礼品装，全15册） (豆瓣),"['历史', '古罗马', '盐野七生', '罗马', '欧洲', '外国历史', '罗马人的故事', '以客观的眼光看待西方']", 2013-11-1
454,V字仇杀队 (豆瓣),"['漫画', '美漫', '美国', '阿兰·摩尔', 'DC', '超想要!!!!!!!!!', '外国文学', '小说']", 2013-12-1
455,杜撰集 (豆瓣),"['博尔赫斯', '拉美文学', '小说', '阿根廷', '短篇小说', '外国文学', '阿根廷文学', '拉美']", 2015-6
456,沙之书 (豆瓣),"['博尔赫斯', '小说', '拉美文学', '阿根廷', '短篇小说', '文学', '外国文学', '阿根廷文学']", 2015-7
457,巴黎评论·作家访谈Ⅰ (豆瓣),"['巴黎评论', '外国文学', '访谈', '谈话录', '文学评论', '文学', '写作', '文学批评']", 2012-2
458,我不知道该说什么，关于死亡还是爱情 (豆瓣),"['切尔诺贝利', '纪实文学', '纪实', '诺贝尔文学奖', 'S.A.阿列克谢耶维奇', '外国文学', '阿列克谢耶维奇', '白俄罗斯']", 2014-6-15
459,朱生豪情书全集 (豆瓣),"['朱生豪', '情书', '爱情', '书信', '民国', '宋清如', '中国文学', '随笔']", 2013-2
460,房思琪的初恋乐园 (豆瓣),"['女性', '自我保护', '林奕含', '女性/性别', '台湾文学', '小说', '现代文学', '台湾']", 2018-1
461,现实不似你所见 (豆瓣),"['科普', '物理学', '量子引力', '物理', '科普读物', '科学', '卡洛·罗韦利', '科学通识']", 2017-11
462,天才的编辑 (豆瓣),"['传记', '编辑', '文学', '美国', '外国文学', '出版', '理想国', '编辑学']", 2017-1
463,地理学与生活 (豆瓣),"['地理学', '地理', '自然地理', '科普', '科普博物', '社会科学', '历史', '大学堂']", 2017-4
464,八十忆双亲 师友杂忆 (豆瓣),"['钱穆', '回忆录', '传记', '历史', '随笔', '中国', '文化', '散文']", 2005-03
465,控制论与科学方法论 (豆瓣),"['控制论', '方法论', '科学方法论', '科学哲学', '系统论', '科普', '哲学', '金观涛']", 2005-05
466,陈寅恪魏晋南北朝史讲演录 (豆瓣),"['陈寅恪', '历史', '魏晋南北朝', '中国历史', '中国古代史', '魏晋', '南北朝', '中国']", 2007-4
467,隋唐制度渊源略论稿 唐代政治史述论稿 (豆瓣),"['陈寅恪', '历史', '隋唐史', '陈寅恪集：隋唐制度渊源略论稿・唐代政治史述论稿', '中国历史', '隋唐', '史学', '国学']", 2001-4
468,成功，动机与目标 (豆瓣),"['自我管理', '心理学', '个人管理', '目标设定', '思维', '方法论', '成功', '励志']", 2013-3
469,现代性与大屠杀 (豆瓣),"['社会学', '鲍曼', '现代性', '现代性与大屠杀', '哲学', '社会理论', '后现代', '社会']", 2002-1
470,聆听音乐 (豆瓣),"['音乐', '古典音乐', '耶鲁公开课教材', '艺术', '西方古典音乐', '音乐欣赏', '三联书店', '美国']", 2012-4-1
471,文心雕龙注(上下) (豆瓣),"['文心雕龙', '古典文学', '刘勰', '文艺理论', '中国文学', '范文澜', '国学', '文学']", 2006-1-1
472,不成问题的问题 (豆瓣),"['老舍', '中国文学', '小说', '经典', '不成问题的问题', '文学', '中国', '中国现当代文学']", 2017-4
473,统计学习方法 (豆瓣),"['机器学习', '统计学习', '统计学', '数据挖掘', '数学', '计算机', '统计', 'MachineLearning']", 2012-3
474,奥克诺斯 (豆瓣),"['诗歌', '塞尔努达', '西班牙文学', '西班牙', '外国文学', '诗', '诗集', '文学']", 2015-1
475,二十世纪西方文学理论 (豆瓣),"['文学理论', '伊格尔顿', '二十世纪西方文论', '文艺理论', '文学', '外国文学', '文论', '英国']", 2007-1
476,穷查理宝典 (豆瓣),"['投资', '芒格', '穷查理宝典', '思想', '金融', '人物传记', '价值投资', '理财']", 2010-05
477,永恒的时光之旅 (豆瓣),"['摄影', '旅行', '星野道夫', '日本', '自然', '随笔', '日本文学', '西伯利亚']", 2016-1
478,中国近代史 (豆瓣),"['历史', '蒋廷黻', '中国近代史', '近代史', '中国历史', '中国近现代', '中国', '经典']", 2006-4
479,文心 (豆瓣),"['写作', '语文', '教育', '文学', '叶圣陶', '夏丐尊', '经典', '文化']", 2008年
480,纯粹理性批判 (豆瓣),"['哲学', '康德', '纯粹理性批判', '西方哲学', '德国', '古典哲学', '经典', '理性']", 2004-10
481,建构文化研究 (豆瓣),"['建筑', '建筑理论', '建构', '建构文化研究', '弗兰普顿', '建筑史', '弗兰姆普顿', '文化']", 2007-7-1
482,穿墙透壁 (豆瓣),"['建筑', '中國古建築', '古建筑', '李乾朗', '中国', '建筑史', '文化', '人文']", 2009-10
483,我们内心的冲突 (豆瓣),"['心理学', '精神分析', '心理', '卡伦·霍尼', '神经症', '卡伦霍妮', '卡伦霍妮KarenDanielsenHorney', '美国']", 2011-7
484,逃避自由 (豆瓣),"['心理学', '社会心理学', '弗洛姆', '心理', '逃避自由', '哲学', '社会', '社会学']", 2015-6
485,纳尔齐斯和歌尔德蒙 (豆瓣),"['赫尔曼·黑塞', '小说', '德国文学', '德国', '黑塞', '外国文学', '纳尔齐斯与歌尔德蒙', '文学']", 2011-6
486,被遗忘的士兵 (豆瓣),"['二战', '回忆录', '历史', '德国', '战争', '军事', '被遗忘的士兵', '战争史']", 2009-1
487,追寻记忆的痕迹 (豆瓣),"['心理学', '记忆', '认知神经科学', '科普', '思维', '传记', '认知', '追寻记忆的痕迹']", 2007-1
488,地图（人文版） (豆瓣),"['绘本', '地理', '地图', '科普', '地理学', '儿童', '世界地图', '童书']", 2014-8
489,大江东去 (豆瓣),"['改革开放', '小说', '阿耐', '经济', '商业', '中国小说', '中国', '中国文学']", 2014-7-15
490,中国景色 (豆瓣),"['中国国家地理', '地理', '旅行', '单之蔷', '摄影', '人文', '中国', '文化']", 2008.12
491,奥斯维辛 (豆瓣),"['历史', '奥斯维辛', '二战', '纳粹', '理想国译丛', '德国', '理想国', '政治']", 2016-9
492,佩德罗·巴拉莫 (豆瓣),"['胡安·鲁尔福', '拉美文学', '魔幻现实主义', '小说', '墨西哥', '拉美', '外国文学', '文学']", 2011-10
493,天渊 (豆瓣),"['科幻', '弗诺・文奇', '科幻小说', '太空歌剧', '小说', '弗诺·文奇', '美国', '世界科幻大师丛书']", 2005-04
494,野蛮大陆 (豆瓣),"['历史', '二战后的欧洲', '二战', '欧洲史', '欧洲', '社会史', '甲骨文', '甲骨文丛书']", 2015-7
495,荒野的呼唤 (豆瓣),"['杰克.伦敦', '小说', '外国文学', '动物', '自由', '美国', '旷野的呼唤', '美国小说']", 2004年7月1日
496,遥远的向日葵地 (豆瓣),"['李娟', '散文', '新疆', '散文随笔', '中国文学', '随笔', '向日葵地', '随笔/杂文/小说/休闲/历史']", 2017-11
497,孩子：挑战 (豆瓣),"['育儿', '教育', '儿童教育', '心理学', '儿童', '家庭教育', '亲子', '心理']", 2015-1
498,地狱一季 (豆瓣),"['兰波', '诗歌', '法国', '王道乾', '象征主义', '法国文学', '外国文学', '诗']", 2004-5
499,革命之路 (豆瓣),"['理查德·耶茨', '小说', '美国文学', '美国', '外国文学', '文学', '婚姻', '爱情']", 2014-3
500,只是孩子 (豆瓣),"['传记', '帕蒂·史密斯', '回忆录', 'PattiSmith', '艺术', '音乐', '美国', '理想国']", 2017-1
501,正见 (豆瓣),"['佛学', '宗萨蒋扬钦哲仁波切', '哲学、宗教与心灵修行', '宗教', '哲学', '佛教', '正见', '四法印']", 2011-6
502,佛教的见地与修道 (豆瓣),"['佛学', '宗萨蒋杨钦哲仁波切', '佛教', '宗教', '哲学', '宗萨蒋扬钦哲仁波切', '修行', '心灵修行']", 2010-10
503,看不见的城市 (豆瓣),"['伊塔洛·卡尔维诺', '卡尔维诺', '意大利', '外国文学', '意大利文学', '文学', '小说', '城市']", 2012-4
504,金蔷薇 (豆瓣),"['帕乌斯托夫斯基', '俄罗斯文学', '俄罗斯', '俄国文学', '文学', '外国文学', '散文', '文学理论']", 2010-9
505,中国史学名著 (豆瓣),"['钱穆', '历史', '中国历史', '国学', '中国史学名著', '史学', '史学史', '中国']", 2005-02
506,绿毛水怪 (豆瓣),"['王小波', '绿毛水怪', '小说', '浪漫的灵魂', '中国文学', '文学', '爱情', '中国']", 2009-1
507,时间的秩序 (豆瓣),"['时间', '哲学', '科普', '物理', '物理学', '记忆研究', '社会学', '卡洛·罗韦利']", 2019-6
508,建筑师 (豆瓣),"['建筑', '漫画', '艺术', '图像小说', '绘本', '美国', '后浪漫', '后浪']", 2019-3
509,呼吸 (豆瓣),"['科幻', '科幻小说', '特德·姜', '小说', '短篇小说', '美国文学', '美国', '短篇集']", 2019-12
510,撒野 2 (豆瓣),"['耽美', '跟着光无所畏惧', '青春', '成長', '巫哲', '勇敢', '希望', '校園']", 2019-4
511,科学革命的结构 (豆瓣),"['科学哲学', '哲学', '科学史', '科学革命', '科学', '社会学', '库恩', '思想史']", 2012-11
512,叶之震颤 (豆瓣),"['毛姆', '短篇小说', '英国文学', '英国', '小说', '外国文学', '短篇集', '文学']", 2016-10-1
513,娜塔莎之舞 (豆瓣),"['俄罗斯', '文化史', '历史', '理想国译丛', '俄罗斯文学', '苏俄文学', '外国文学', '俄国']", 2018-3
514,魏晋之际的政治权力与家族网络 (豆瓣),"['历史', '魏晋南北朝史', '魏晋南北朝', '仇鹿鸣', '中国历史', '政治史', '魏晋', '政治']", 2015-6-1
515,危机与重构 (豆瓣),"['历史', '唐史', '隋唐史', '藩镇', '中国史', '李碧妍', '政治史', '中古史']", 2015-8-30
516,舆论 (豆瓣),"['传播学', '社会学', '新闻传播学', '舆论', '沃尔特·李普曼', '新闻传播', '社会学-新闻传播', '社会']", 2018-5-1
517,大明王朝1566 (豆瓣),"['历史小说', '明朝', '历史', '刘和平', '明史', '小说', '中国文学', '社会/历史']", 2016-7
518,谜宫·如意琳琅图集 (豆瓣),"['解谜', '故宫', '历史', '游戏', '推理悬疑', '中国', 'Z历史-中国-故宫', '中国文学']", 2018-12
519,死屋 (豆瓣),"['历史', '俄国史', '流放制度', '西伯利亚', '俄罗斯', '俄国', '世界史', '非虚构']", 2019-6
520,OPUS 作品 (豆瓣),"['今敏', '漫画', '日本漫画', '日本', '日本文学', '艺术', '2019', '后浪']", 2019-8
521,你当像鸟飞往你的山 (豆瓣),"['教育与女性', '教育', '励志', '传记', '回忆录', '文学', '美国文学', '美国']", 2019-10-20
522,治史三书 (豆瓣),"['历史', '严耕望', '史学理论', '史学', '方法论', '历史杂文', '历史学', '学术']", 2011-6
523,失踪的孩子 (豆瓣),"['那不勒斯四部曲', '女性', '小说', '外国文学', '意大利文学', '埃莱娜•费兰特', '意大利', '成长']", 2018-6-1
524,椰壳碗外的人生 (豆瓣),"['本尼迪克特·安德森', '人类学', '传记', '回忆录', '社会学', '自传', '政治学', '美国']", 2018-8
525,离婚 (豆瓣),"['老舍', '小说', '中国文学', '离婚', '经典', '文学', '北京', '中国']", 1981-9-1
526,荒原狼 (豆瓣),"['赫尔曼·黑塞', '小说', '德国', '黑塞', '德国文学', '外国文学', '诺贝尔文学奖', '文学']", 2008-7
527,为什么学生不喜欢上学? (豆瓣),"['教育', '心理学', '认知心理学', '学习方法', '学习', '教育学', '思维', '心理']", 2010-5
528,人生的智慧 (豆瓣),"['叔本华', '哲学', '人生哲学', '人生的智慧', '思想哲学', '精神世界', '德国', '心理']", 2014-4
529,白鹿原 (豆瓣),"['陈忠实', '小说', '茅盾文学奖', '中国文学', '社会变迁', '白鹿原', '文学', '中国']", 2012-1-1
530,撤哈拉的故事 (豆瓣),"['三毛', '撒哈拉的故事', '散文', '经典', '沙漠', '异乡', '中国文学', '三毛作品集']", 1996.9
531,世界电影史（第二版） (豆瓣),"['电影', '电影史', '电影理论', '艺术', '影视艺术', '大卫·波德维尔', '历史', '美国']", 2014-2-1
532,人的境况 (豆瓣),"['哲学', '汉娜·阿伦特', '阿伦特', '政治哲学', '社会学', '政治学', '思想', '政治']", 2009-01
533,叔本华的治疗 (豆瓣),"['心理学', '欧文·亚龙', '心理治疗小说', '心理', '精神分析', '团体治疗', '欧文·亚隆', '小说']", 2008
534,金圣叹批评本水浒传 (豆瓣),"['金圣叹', '古典文学', '水浒', '金批水浒', '小说', '批本', '文学', '四大名著']", 2006-6-1
535,山海經 (豆瓣),"['佛学', '禅宗', '经典', '慧能', '哲学', '宗教', '古典文学', '佛教']", 2003-8
536,生活与命运 (豆瓣),"['苏俄文学', '小说', '瓦西里·格罗斯曼', '俄罗斯文学', '历史', '外国文学', '俄罗斯', '生活与命运']", 2015-8-20
537,论犯罪与刑罚 (豆瓣),"['法学', '法律', '贝卡利亚', '论犯罪与刑罚', '刑法', '刑法学', '经典法学书籍', '犯罪学']", 2003-02
538,夜行记 (豆瓣),"['王小波', '小说', '夜行记', '中国文学', '真正自由的人', '当代文学', '文学', '中国']", 2011-10
539,史铁生散文 (豆瓣),"['史铁生', '散文', '思考', '散文随笔', '中国文学', '史铁生散文', '文学', '生命']", 2007-3
540,被人遗忘的人：中国精神病人生存状况 (豆瓣),"['摄影', '纪实', '吕楠', '精神病', '社会学', '心理学', '人类学·社会学', '心理']", 2008
541,与他共度61世 (豆瓣),"['张国荣', '哥哥', '传记', '电影', 'leslie', '的灰', '与他共度61世', '香港']", 2006-9
542,党员、党权与党争 (豆瓣),"['国民党', '历史', '中国近代史', '王奇生', '政治', '政治学', '民国史', '民国']", 2010-12
543,小说机杼 (豆瓣),"['文学理论', '詹姆斯·伍德', '小说', '写作', '文学', '文艺理论', '文学评论', '英国']", 2015-8-1
544,美丽新世界 (豆瓣),"['反乌托邦', '奥尔德斯·赫胥黎', '社会', '赫胥黎', '英国文学', '小说', '外国文学', '英国']", 2017-6
545,爱与黑暗的故事 (豆瓣),"['以色列', '阿摩司·奥兹', '以色列文学', '小说', '外国文学', '文学', '历史', 'AmosOz']", 2014-3
546,黄金时代 (豆瓣),"['王小波', '小说', '中国文学', '黄金时代', '文学', '经典', '中国', '中国当代文学']", 2012-1
547,失落的一角遇见大圆满 (豆瓣),"['绘本', '失落的一角遇见大圆满', '希尔弗斯坦', '美国', '漫画', '寓言', '经典', '睿智']", 2003-9-1
548,我的爸爸叫焦尼 (豆瓣),"['绘本', '我的爸爸叫焦尼', '瑞典', '儿童文学', '图画书', '儿童', '感人，坚强，温暖，海豚传媒', '童书']", 2007-09-01
549,少数派报告 (豆瓣),"['科幻', '菲利普·K.迪克', '小说', '科幻小说', '美国', '菲利普·迪克', '短篇小说', '美国文学']", 2013-9
550,熔炉 (豆瓣),"['人性', '韩国', '社会', '小说', '韩国文学', '性侵', '熔炉', '熔炉法']", 2013-8-1
551,豆汁记 (豆瓣),"['叶广芩', '京味小说', '小说', '京味', '中国文学', '当代文学', '中国', '文化']", 2009-1
552,睡魔1：前奏与夜曲 (豆瓣),"['漫画', '尼尔·盖曼', '奇幻', '美漫', '美国', '睡魔', 'DC', '神作']", 2016-8
553,看不见的森林 (豆瓣),"['自然', '科普', '植物', '博物学', '自然文学', '植物学', '随笔', '美国']", 2014-1
554,人间草木 (豆瓣),"['汪曾祺', '散文', '随笔', '生活美感', '散文随笔', '中国文学', '生活', '文学']", 2016-4
555,梵高传 (豆瓣),"['梵高', '传记', '艺术', '人物传记', '梵高传', '美术', '人物', '史蒂芬·奈菲']", 2015-11
556,读 (豆瓣),"['摄影', '摄影集', '读书', '玛格南', '读库', '法国', '图册', '2015']", 2015-8
557,中国古代建筑史 (豆瓣),"['建筑', '建筑史', '刘敦桢', '中国建筑史', '中国古建', '历史', '中国', '建筑学']", 2008-8-1
558,追寻逝去的时光·第一卷：去斯万家那边 (豆瓣),"['漫画/绘本', '普鲁斯特', '外国文学', '法国文学', '漫画', '绘本', '文学', '图像小说']", 2018-1
559,荒野之歌 (豆瓣),"['摄影', '自然', '艺术', '野生生物', '攝影', '野生动物', '影像', '经典']", 2017-7
560,社会学的想象力 (豆瓣),"['社会学', '社会学/人类学', '社会科学', '米尔斯', '社会理论', '方法论', '社会', '理论']", 2017-3-2
561,打开一颗心 (豆瓣),"['医学', '医学人文', '纪实', '科普', '英国', '人文社科', '外国文学', '理想国']", 2018-11
562,货币金融学 (豆瓣),"['金融', '金融学', '经济学', '经济', '投资&金融&经济', '货币金融学', '米什金', '教材']", 2011-1
563,社会心理学（第11版，精装彩印） (豆瓣),"['心理学', '社会心理学', '社会学心理学', '心理', '社会学', '戴维·迈尔斯', '经典', '思维']", 2014-10-1
564,地藏菩萨本愿经 (豆瓣),"['地藏菩萨本愿经', '佛学', '佛经', '佛教', '宗教', '佛法', '经典', '佛']", 2004-11-01
565,人间词话手稿本全编 (豆瓣),"['王国维', '人间词话', '诗词', '古典文学', '诗词评论', '中国文学', '文学', '古典']", 2003-1
566,唐诗鉴赏辞典 (豆瓣),"['唐诗', '古典文学', '诗词', '诗歌', '辞典', '中国古典文学', '古典', '文学']", 1983-12-1
567,叔本华思想随笔 (豆瓣),"['叔本华', '哲学', '西方哲学', '叔本华思想随笔', '思想', '德国', '随笔', '思考']", 2008-10
568,中国建筑史 (豆瓣),"['中国建筑', '中国建筑史', '樑思成', '艺术', '文化', '梁思成作品系列', '中国', '设计']", 2011-1
569,蒋勋说红楼梦 (豆瓣),"['红楼梦', '蒋勋', '文学评述', '中国文学', '文学', '古典文学', '文化', '读书']", 2012-7
570,切尔诺贝利之春 (豆瓣),"['漫画', '切尔诺贝利', '绘本', '法国', '灾难', '艺术', '后浪漫', '文学']", 2017-2
571,游隼 (豆瓣),"['自然文学', '自然', '英国', '文学', '外国文学', '英国文学', '散文', 'J.A.Baker']", 2017-8
572,中国古典诗词感发 (豆瓣),"['古典诗词', '顾随', '叶嘉莹', '诗词', '古典文学', '中国文学', '文学', '中国古典诗词感发']", 2012-6-1
573,特朗斯特罗姆诗歌全集 (豆瓣),"['诗歌', '特朗斯特罗姆', '托马斯·特朗斯特罗姆', '瑞典文学', '诗', '瑞典', '外国文学', '诗集']", 2012-3
574,恩宠与勇气：超越死亡 (豆瓣),"['心理学', '心灵成长', '灵修', '肯•威尔伯', '死亡', '心理', '哲学', '修行']", 2013-6
575,坏狐狸 (豆瓣),"['绘本', '漫画', '法国', '绘本&漫画', '绘本，儿童文学', '法国绘画', '插画', '后浪漫']", 2018-4
576,彼得·林奇的成功投资 (豆瓣),"['投资', '投资理财', '彼得林奇', '股票', '理财', '金融', '证券', '经济']", 2010-4-1
577,拜厄钢琴基本教程 (豆瓣),"['钢琴', '琴谱', '音乐', '拜厄钢琴基本教程', '拜厄', '教材', '钢琴谱', '乐谱']", 2000-8-1
578,态度改变与社会影响 (豆瓣),"['心理学', '社会心理学', '态度改变与社会影响', '心理', '社会学', '思维', '津巴多', '社会']", 2007-11-1
579,中国古代思想史论 (豆瓣),"['李泽厚', '思想史', '哲学', '中国哲学', '历史', '中国', '思想', '文化']", 2008-6
580,判断力批判 (豆瓣),"['哲学', '康德', '判断力批判', '西方哲学', '德国', '美学', '经典', '邓晓芒']", 2002-12
581,伊凡·伊里奇之死 (豆瓣),"['托尔斯泰', '死亡', '小说', '俄国文学', '俄罗斯文学', '外国文学', '俄国', '心理学']", 2017-10
582,阿莱夫 (豆瓣),"['博尔赫斯', '拉美文学', '阿根廷', '小说', '短篇小说', '阿根廷文学', '文学', '外国文学']", 2015-7
583,卡利古拉 (豆瓣),"['加缪', '戏剧', '阿尔贝·加缪', '法国', '法国文学', '存在主义', '文学', '剧本']", 2013-8
584,地狱变 (豆瓣),"['芥川龙之介', '日本文学', '日本', '地狱变', '人性', '小说', '现实主义', '经典']", 1999年
585,美国讲稿 (豆瓣),"['卡尔维诺', '伊塔洛·卡尔维诺', '文学理论', '意大利', '文学', '外国文学', '文艺理论', '意大利文学']", 2012-4-1
586,伯罗奔尼撒战争史 (豆瓣),"['历史', '古希腊', '修昔底德', '伯罗奔尼撒战争史', '政治学', '汉译世界学术名著丛书', '希腊', '经典']", 1960
587,诗学 (豆瓣),"['亚里士多德', '文艺理论', '古希腊', '哲学', '诗学', '文学理论', '美学', '戏剧']", 1996-7
588,秦汉魏晋史探微 (豆瓣),"['历史', '田余庆', '魏晋南北朝', '秦汉史', '中国古代史', '魏晋南北朝史', '中国历史', '中国']", 2011-6-1
589,少年凯歌 (豆瓣),"['陈凯歌', '传记', '自传', '文革', '成长', '电影', '中国', '青春']", 2001-6
590,叶嘉莹说汉魏六朝诗 (豆瓣),"['叶嘉莹', '诗词', '汉魏六朝', '古典文学', '中国古典文学', '诗歌', '文学评论', '文学']", 2007-1
591,群魔 (豆瓣),"['陀思妥耶夫斯基', '俄国文学', '小说', '俄罗斯', '外国文学', '文学', '心理', '群魔']", 2002-5
592,致未来的诗人 (豆瓣),"['诗歌', '塞尔努达', '西班牙', '西班牙文学', '路易斯·塞尔努达', '诗', '外国文学', '范晔']", 2015-8
593,解体概要 (豆瓣),"['哲学', '萧沆', '法国', '解构主义', '西方哲学', '齐奥朗', '解体概要', '虚无主义']", 2010-9
594,魔灯 (豆瓣),"['传记', '英格玛·伯格曼', '电影', '伯格曼', '瑞典', '外国文学', '理想国', '2017']", 2017-8
595,朱光潜谈美 (豆瓣),"['美学', '朱光潜', '美学大师', '哲学', '艺术', '随笔', '思想', '中国']", 2012-9
596,现实与欲望 (豆瓣),"['诗歌', '西班牙', '塞尔努达', '西班牙文学', '路易斯·塞尔努达', '诗集', '外国文学', '诗']", 2016-1
597,佛陀传 (豆瓣),"['佛陀', '一行禅师', '宗教', '佛学', '传记', '佛教', '身心灵', '佛法经典']", 2014-3-1
598,查拉图斯特拉如是说 (豆瓣),"['尼采', '哲学', '德国', '查拉图斯特拉', '西方哲学', '哲学&美学', '思想', '超人']", 2014-9-1
599,猎魔人2：宿命之剑 (豆瓣),"['奇幻', '安德烈·斯帕克沃斯基', '猎魔人', '波兰', '猎魔人系列', '小说', '波兰文学', '西方奇幻']", 2015-5-1
600,沉默的大多数 (豆瓣),"['王小波', '杂文', '思想', '自由主义', '随笔', '理性', '中国文学', '中国']", 2017-4
601,故事新编 (豆瓣),"['鲁迅', '中国文学', '小说', '经典', '故事新编', '文学', '中国', '现当代文学']", 2015-1-1
602,柏拉图对话集 (豆瓣),"['哲学', '柏拉图', '古希腊', '柏拉图对话集', '西方哲学', '苏格拉底', '王太庆', '经典']", 2004-07-02
603,"The Elements of Style, Fourth Edition (豆瓣)","['写作', '英语', 'writing', 'english', '英文', '语言', 'Language', 'Writing.']", 1999-8-2
604,图说敦煌二五四窟 (豆瓣),"['敦煌', '艺术', '敦煌学', '艺术史', '文化', '考古', '佛教史', '中国']", 2017-11
605,清明上河图密码6 (豆瓣),"['清明上河图密码', '悬疑小说', '推理', '历史', '中国文学', '冶文彪', '小说', '大结局']", 2019-11-11
606,13 67 (豆瓣),"['推理', '推理小说', '香港', '陈浩基', '香港推理', '犯罪', '小说', '陳浩基']", 2014-6-9
607,规训与惩罚(修订译本)(第4版) (豆瓣),"['福柯', '社会学', '哲学', '米歇尔·福柯', '法国', '文化研究', '思想史', '法学']", 2012-9
608,人间词话 (豆瓣),"['王国维', '人间词话', '古典文学', '诗词', '文学理论', '国学', '中国文学', '经典']", 2007-4
609,我的精神家园 (豆瓣),"['王小波', '杂文', '中国文学', '我的精神家园', '随笔', '中国', '散文', '王小波杂文']", 2008-10
610,中国文化要义 (豆瓣),"['梁漱溟', '中国文化', '文化', '哲学', '中国', '社会', '社会学', '国学']", 2011-6
611,另一个，同一个 (豆瓣),"['博尔赫斯', '诗歌', '拉美文学', '豪尔赫·路易斯·博尔赫斯', '诗', '阿根廷', '阿根廷文学', '外国文学']", 2016-8
612,博尔赫斯，口述 (豆瓣),"['博尔赫斯', '阿根廷', '拉美文学', '豪尔赫·路易斯·博尔赫斯', '随笔', '阿根廷文学', '外国文学', '散文']", 2015-7
613,七夜 (豆瓣),"['博尔赫斯', '阿根廷', '文学', '阿根廷文学', '拉美文学', '随笔', '外国文学', '豪尔赫·路易斯·博尔赫斯']", 2015-7
614,诗艺 (豆瓣),"['博尔赫斯', '诗歌', '文学评论', '阿根廷', '豪尔赫·路易斯·博尔赫斯', '文学', '拉美文学', '外国文学']", 2015-6
615,樱桃的滋味 (豆瓣),"['电影', '阿巴斯', '艺术', '阿巴斯·基亚罗斯塔米', '电影书', '伊朗', '文学', '电影方法论']", 2017-9
616,股市真规则 (豆瓣),"['投资', '股票', '价值投资', '金融', '理财', '投资理财', '证券', '经济']", 2010-1
617,重屏 (豆瓣),"['巫鸿', '艺术史', '艺术', '美术史', '海外中国研究', '美学', '中国艺术史', '绘画']", 2010年1月
618,大都会艺术博物馆指南 (豆瓣),"['艺术', '博物馆', '大都会艺术博物馆', '艺术史', '美国', '绘画', '大都会', '后浪']", 2016-10
619,白痴 (豆瓣),"['陀思妥耶夫斯基', '俄国文学', '小说', '俄罗斯文学', '外国文学', '文学', '俄国', '*上海译文出版社*']", 2015-1
620,非理性的人 (豆瓣),"['哲学', '存在主义', '威廉·巴雷特', '西方哲学', '非理性的人', '美国', '存在主義', '外国哲学']", 2012-11
621,冰雪王国 (豆瓣),"['纪实', '北极探险', '历史', '探险', '美国', '甲骨文丛书', '生存考验', '甲骨文']", 2017-4
622,亲密关系（第6版） (豆瓣),"['心理学', '亲密关系', '人际关系', '社会心理学', '心理', '情感', '爱情', '社会学']", 2015-6
623,证券分析 (豆瓣),"['投资', '金融', '本杰明·格雷厄姆', '股票', '价值投资', '金融理财', '经济', '经济学']", 2013-4
624,与社会学同游 (豆瓣),"['社会学', '社会学入门', '彼得·伯格', '社会理论', '社會學', '美国', '入门', '哲学']", 2014-10
625,政治学 (豆瓣),"['亚里士多德', '政治学', '哲学', '政治哲学', '古希腊', '政治', '经典', '商务印书馆']", 1965-8-1
626,自由秩序原理 (豆瓣),"['哈耶克', '自由主义', '政治学', '经济学', '哲学', '政治', '自由', '思想']", 1997-12
627,晴天有时下猪 (豆瓣),"['儿童文学', '日本', '童话', '晴天，有时下猪', '矢玉四郎', '大幻想文学', '日本文学', '大幻想']", 1999-8
628,彷徨 (豆瓣),"['鲁迅', '小说', '中国文学', '文学', '中国', '现代文学', '经典', '彷徨']", 2006-12
629,哈农钢琴练指法 (豆瓣),"['钢琴', '琴谱', '哈农', '指法', '音乐', '教材', '钢琴谱', '弹过的钢琴书']", 2000-10
630,加缪手记 (豆瓣),"['加缪', '哲学', '阿尔贝·加缪', '法国文学', '法国', '思想', '文学', '加繆']", 2016-7
631,生育制度 (豆瓣),"['社会学', '费孝通', '生育制度', '人类学', '社会.人类学', '中国', '社会', '婚姻社会学']", 1999-07-20
632,硅谷增长黑客实战笔记 (豆瓣),"['增长黑客', '互联网', '用户增长', '运营', '数据分析', '商业', '营销', '数据']", 2018-4-10
633,有呀有呀书店 (豆瓣),"['绘本', '治愈', '日本', '脑洞', '有趣想读', '童话', '生活', '吉竹伸介']", 2018-8-1
634,奥古斯都 (豆瓣),"['奥古斯都', '古罗马', '历史', '历史小说', '约翰·威廉斯', '传记', '美国文学', '小说']", 2018-5
635,绿毛水怪 (豆瓣),"['王小波', '小说', '中国文学', '文学', '短篇小说', '有趣', '+王小波+李银河', '中国当代文学']", 2018-5-1
